country_iso2,country,provider,provider_type,product,method,pricing_model,variable_pct_min,variable_pct_max,fixed_fee_min,fixed_fee_max,fee_currency,fee_500_min_czk,fee_500_max_czk,effective_500_min_pct,effective_500_max_pct,condition,source_url,verification,source_status,source_checked_at
AT,Rakousko,Stripe,Veřejný ceník,Standard EEA consumer cards (Card),card,Blended,1.5,1.5,0.25,0.25,EUR,13.5375,13.5375,2.7075,2.7075,,https://stripe.com/at/pricing,"z rozšířeného datasetu (kontrola datována 22.7.2026 - jde o datum sestavení, ne nutně živé prověření každého zdroje jednotlivě)",seeded,2026-07-27T06:24:22+00:00
AT,Rakousko,Mollie,Veřejný ceník,EEA consumer cards (Card),card,Blended,1.8,1.8,0.25,0.25,EUR,15.0375,15.0375,3.0075,3.0075,,https://www.mollie.com/pricing,"z rozšířeného datasetu (kontrola datována 22.7.2026 - jde o datum sestavení, ne nutně živé prověření každého zdroje jednotlivě)",seeded,2026-07-27T06:24:22+00:00
AT,Rakousko,Revolut,Veřejný ceník,Merchant – EEA consumer cards (Card),card,Blended,1.0,1.0,0.2,0.2,EUR,9.83,9.83,1.966,1.966,,https://help.revolut.com/cs-CZ/business/help/merchant-accounts/fees/how-much-does-it-cost-to-accept-card-payments/,"z rozšířeného datasetu (kontrola datována 22.7.2026 - jde o datum sestavení, ne nutně živé prověření každého zdroje jednotlivě)",seeded,2026-07-27T06:24:22+00:00
AT,Rakousko,Revolut,Veřejný ceník,Pay by Bank (A2A / Pay by Bank),a2a,Blended,1.0,1.0,0.2,0.2,EUR,9.83,9.83,1.966,1.966,,https://www.revolut.com/en-CZ/legal/business-basic-fees/,"z rozšířeného datasetu (kontrola datována 22.7.2026 - jde o datum sestavení, ne nutně živé prověření každého zdroje jednotlivě)",seeded,2026-07-27T06:24:22+00:00
AT,Rakousko,Adyen,"Procesní/markup (IC++, bez interchange)","Karetní markup (model IC++, bez interchange)",card,IC++,0.6,0.6,0.13,0.13,USD,5.7594,5.7594,1.1519,1.1519,,https://www.adyen.com/pricing,"z rozšířeného datasetu (kontrola datována 22.7.2026 - jde o datum sestavení, ne nutně živé prověření každého zdroje jednotlivě)",seeded,2026-07-27T06:24:22+00:00
AT,Rakousko,Clearhaus,Individuální nabídka,IC+ merchant acquiring (Card),card,Individual / IC+,,,,,EUR,,,,,,https://helpdesk.clearhaus.com/faq,"z rozšířeného datasetu (kontrola datována 22.7.2026 - jde o datum sestavení, ne nutně živé prověření každého zdroje jednotlivě)",seeded,2026-07-27T06:24:22+00:00
BE,Belgie,Stripe,Veřejný ceník,Standard EEA consumer cards (Card),card,Blended,1.5,1.5,0.25,0.25,EUR,13.5375,13.5375,2.7075,2.7075,,https://stripe.com/be/pricing,"z rozšířeného datasetu (kontrola datována 22.7.2026 - jde o datum sestavení, ne nutně živé prověření každého zdroje jednotlivě)",seeded,2026-07-27T06:24:22+00:00
BE,Belgie,Mollie,Veřejný ceník,EEA consumer cards (Card),card,Blended,1.8,1.8,0.25,0.25,EUR,15.0375,15.0375,3.0075,3.0075,,https://www.mollie.com/pricing,"z rozšířeného datasetu (kontrola datována 22.7.2026 - jde o datum sestavení, ne nutně živé prověření každého zdroje jednotlivě)",seeded,2026-07-27T06:24:22+00:00
BE,Belgie,Revolut,Veřejný ceník,Merchant – EEA consumer cards (Card),card,Blended,1.0,1.0,0.2,0.2,EUR,9.83,9.83,1.966,1.966,,https://help.revolut.com/cs-CZ/business/help/merchant-accounts/fees/how-much-does-it-cost-to-accept-card-payments/,"z rozšířeného datasetu (kontrola datována 22.7.2026 - jde o datum sestavení, ne nutně živé prověření každého zdroje jednotlivě)",seeded,2026-07-27T06:24:22+00:00
BE,Belgie,Revolut,Veřejný ceník,Pay by Bank (A2A / Pay by Bank),a2a,Blended,1.0,1.0,0.2,0.2,EUR,9.83,9.83,1.966,1.966,,https://www.revolut.com/en-CZ/legal/business-basic-fees/,"z rozšířeného datasetu (kontrola datována 22.7.2026 - jde o datum sestavení, ne nutně živé prověření každého zdroje jednotlivě)",seeded,2026-07-27T06:24:22+00:00
BE,Belgie,Adyen,"Procesní/markup (IC++, bez interchange)","Karetní markup (model IC++, bez interchange)",card,IC++,0.6,0.6,0.13,0.13,USD,5.7594,5.7594,1.1519,1.1519,,https://www.adyen.com/pricing,"z rozšířeného datasetu (kontrola datována 22.7.2026 - jde o datum sestavení, ne nutně živé prověření každého zdroje jednotlivě)",seeded,2026-07-27T06:24:22+00:00
BE,Belgie,Clearhaus,Individuální nabídka,IC+ merchant acquiring (Card),card,Individual / IC+,,,,,EUR,,,,,,https://helpdesk.clearhaus.com/faq,"z rozšířeného datasetu (kontrola datována 22.7.2026 - jde o datum sestavení, ne nutně živé prověření každého zdroje jednotlivě)",seeded,2026-07-27T06:24:22+00:00
BG,Bulharsko,Stripe,Veřejný ceník,Standard EEA consumer cards (Card),card,Blended,1.5,1.5,0.25,0.25,EUR,13.5375,13.5375,2.7075,2.7075,,https://stripe.com/bg/pricing,"z rozšířeného datasetu (kontrola datována 22.7.2026 - jde o datum sestavení, ne nutně živé prověření každého zdroje jednotlivě)",seeded,2026-07-27T06:24:22+00:00
BG,Bulharsko,Mollie,Veřejný ceník,EEA consumer cards (Card),card,Blended,1.8,1.8,0.25,0.25,EUR,15.0375,15.0375,3.0075,3.0075,,https://www.mollie.com/pricing,"z rozšířeného datasetu (kontrola datována 22.7.2026 - jde o datum sestavení, ne nutně živé prověření každého zdroje jednotlivě)",seeded,2026-07-27T06:24:22+00:00
BG,Bulharsko,Revolut,Veřejný ceník,Merchant – EEA consumer cards (Card),card,Blended,1.0,1.0,0.2,0.2,EUR,9.83,9.83,1.966,1.966,,https://help.revolut.com/cs-CZ/business/help/merchant-accounts/fees/how-much-does-it-cost-to-accept-card-payments/,"z rozšířeného datasetu (kontrola datována 22.7.2026 - jde o datum sestavení, ne nutně živé prověření každého zdroje jednotlivě)",seeded,2026-07-27T06:24:22+00:00
BG,Bulharsko,Revolut,Veřejný ceník,Pay by Bank (A2A / Pay by Bank),a2a,Blended,1.0,1.0,0.2,0.2,EUR,9.83,9.83,1.966,1.966,,https://www.revolut.com/en-CZ/legal/business-basic-fees/,"z rozšířeného datasetu (kontrola datována 22.7.2026 - jde o datum sestavení, ne nutně živé prověření každého zdroje jednotlivě)",seeded,2026-07-27T06:24:22+00:00
BG,Bulharsko,Adyen,"Procesní/markup (IC++, bez interchange)","Karetní markup (model IC++, bez interchange)",card,IC++,0.6,0.6,0.13,0.13,USD,5.7594,5.7594,1.1519,1.1519,,https://www.adyen.com/pricing,"z rozšířeného datasetu (kontrola datována 22.7.2026 - jde o datum sestavení, ne nutně živé prověření každého zdroje jednotlivě)",seeded,2026-07-27T06:24:22+00:00
BG,Bulharsko,Clearhaus,Individuální nabídka,IC+ merchant acquiring (Card),card,Individual / IC+,,,,,EUR,,,,,,https://helpdesk.clearhaus.com/faq,"z rozšířeného datasetu (kontrola datována 22.7.2026 - jde o datum sestavení, ne nutně živé prověření každého zdroje jednotlivě)",seeded,2026-07-27T06:24:22+00:00
HR,Chorvatsko,Stripe,Veřejný ceník,Standard EEA consumer cards (Card),card,Blended,1.5,1.5,0.25,0.25,EUR,13.5375,13.5375,2.7075,2.7075,,https://stripe.com/hr/pricing,"z rozšířeného datasetu (kontrola datována 22.7.2026 - jde o datum sestavení, ne nutně živé prověření každého zdroje jednotlivě)",seeded,2026-07-27T06:24:22+00:00
HR,Chorvatsko,Mollie,Veřejný ceník,EEA consumer cards (Card),card,Blended,1.8,1.8,0.25,0.25,EUR,15.0375,15.0375,3.0075,3.0075,,https://www.mollie.com/pricing,"z rozšířeného datasetu (kontrola datována 22.7.2026 - jde o datum sestavení, ne nutně živé prověření každého zdroje jednotlivě)",seeded,2026-07-27T06:24:22+00:00
HR,Chorvatsko,Revolut,Veřejný ceník,Merchant – EEA consumer cards (Card),card,Blended,1.0,1.0,0.2,0.2,EUR,9.83,9.83,1.966,1.966,,https://help.revolut.com/cs-CZ/business/help/merchant-accounts/fees/how-much-does-it-cost-to-accept-card-payments/,"z rozšířeného datasetu (kontrola datována 22.7.2026 - jde o datum sestavení, ne nutně živé prověření každého zdroje jednotlivě)",seeded,2026-07-27T06:24:22+00:00
HR,Chorvatsko,Revolut,Veřejný ceník,Pay by Bank (A2A / Pay by Bank),a2a,Blended,1.0,1.0,0.2,0.2,EUR,9.83,9.83,1.966,1.966,,https://www.revolut.com/en-CZ/legal/business-basic-fees/,"z rozšířeného datasetu (kontrola datována 22.7.2026 - jde o datum sestavení, ne nutně živé prověření každého zdroje jednotlivě)",seeded,2026-07-27T06:24:22+00:00
HR,Chorvatsko,Adyen,"Procesní/markup (IC++, bez interchange)","Karetní markup (model IC++, bez interchange)",card,IC++,0.6,0.6,0.13,0.13,USD,5.7594,5.7594,1.1519,1.1519,,https://www.adyen.com/pricing,"z rozšířeného datasetu (kontrola datována 22.7.2026 - jde o datum sestavení, ne nutně živé prověření každého zdroje jednotlivě)",seeded,2026-07-27T06:24:22+00:00
HR,Chorvatsko,Clearhaus,Individuální nabídka,IC+ merchant acquiring (Card),card,Individual / IC+,,,,,EUR,,,,,,https://helpdesk.clearhaus.com/faq,"z rozšířeného datasetu (kontrola datována 22.7.2026 - jde o datum sestavení, ne nutně živé prověření každého zdroje jednotlivě)",seeded,2026-07-27T06:24:22+00:00
CY,Kypr,Stripe,Veřejný ceník,Standard EEA consumer cards (Card),card,Blended,1.5,1.5,0.25,0.25,EUR,13.5375,13.5375,2.7075,2.7075,,https://stripe.com/cy/pricing,"z rozšířeného datasetu (kontrola datována 22.7.2026 - jde o datum sestavení, ne nutně živé prověření každého zdroje jednotlivě)",seeded,2026-07-27T06:24:22+00:00
CY,Kypr,Mollie,Veřejný ceník,EEA consumer cards (Card),card,Blended,1.8,1.8,0.25,0.25,EUR,15.0375,15.0375,3.0075,3.0075,,https://www.mollie.com/pricing,"z rozšířeného datasetu (kontrola datována 22.7.2026 - jde o datum sestavení, ne nutně živé prověření každého zdroje jednotlivě)",seeded,2026-07-27T06:24:22+00:00
CY,Kypr,Revolut,Veřejný ceník,Merchant – EEA consumer cards (Card),card,Blended,1.0,1.0,0.2,0.2,EUR,9.83,9.83,1.966,1.966,,https://help.revolut.com/cs-CZ/business/help/merchant-accounts/fees/how-much-does-it-cost-to-accept-card-payments/,"z rozšířeného datasetu (kontrola datována 22.7.2026 - jde o datum sestavení, ne nutně živé prověření každého zdroje jednotlivě)",seeded,2026-07-27T06:24:22+00:00
CY,Kypr,Revolut,Veřejný ceník,Pay by Bank (A2A / Pay by Bank),a2a,Blended,1.0,1.0,0.2,0.2,EUR,9.83,9.83,1.966,1.966,,https://www.revolut.com/en-CZ/legal/business-basic-fees/,"z rozšířeného datasetu (kontrola datována 22.7.2026 - jde o datum sestavení, ne nutně živé prověření každého zdroje jednotlivě)",seeded,2026-07-27T06:24:22+00:00
CY,Kypr,Adyen,"Procesní/markup (IC++, bez interchange)","Karetní markup (model IC++, bez interchange)",card,IC++,0.6,0.6,0.13,0.13,USD,5.7594,5.7594,1.1519,1.1519,,https://www.adyen.com/pricing,"z rozšířeného datasetu (kontrola datována 22.7.2026 - jde o datum sestavení, ne nutně živé prověření každého zdroje jednotlivě)",seeded,2026-07-27T06:24:22+00:00
CY,Kypr,Clearhaus,Individuální nabídka,IC+ merchant acquiring (Card),card,Individual / IC+,,,,,EUR,,,,,,https://helpdesk.clearhaus.com/faq,"z rozšířeného datasetu (kontrola datována 22.7.2026 - jde o datum sestavení, ne nutně živé prověření každého zdroje jednotlivě)",seeded,2026-07-27T06:24:22+00:00
CZ,Česko,Stripe,Veřejný ceník,Standard EEA consumer cards (Card),card,Blended,1.5,1.5,6.5,6.5,CZK,14.0,14.0,2.8,2.8,,https://stripe.com/en-cz/pricing,"z rozšířeného datasetu (kontrola datována 22.7.2026 - jde o datum sestavení, ne nutně živé prověření každého zdroje jednotlivě)",seeded,2026-07-27T06:24:22+00:00
CZ,Česko,Mollie,Veřejný ceník,EEA consumer cards (Card),card,Blended,1.8,1.8,0.25,0.25,EUR,15.0375,15.0375,3.0075,3.0075,,https://www.mollie.com/pricing,"z rozšířeného datasetu (kontrola datována 22.7.2026 - jde o datum sestavení, ne nutně živé prověření každého zdroje jednotlivě)",seeded,2026-07-27T06:24:22+00:00
CZ,Česko,Revolut,Veřejný ceník,Merchant – EEA consumer cards (Card),card,Blended,1.0,1.0,6,6,CZK,11.0,11.0,2.2,2.2,,https://help.revolut.com/cs-CZ/business/help/merchant-accounts/fees/how-much-does-it-cost-to-accept-card-payments/,"z rozšířeného datasetu (kontrola datována 22.7.2026 - jde o datum sestavení, ne nutně živé prověření každého zdroje jednotlivě)",seeded,2026-07-27T06:24:22+00:00
CZ,Česko,Revolut,Veřejný ceník,Pay by Bank (A2A / Pay by Bank),a2a,Blended,1.0,1.0,6,6,CZK,11.0,11.0,2.2,2.2,,https://www.revolut.com/en-CZ/legal/business-basic-fees/,"z rozšířeného datasetu (kontrola datována 22.7.2026 - jde o datum sestavení, ne nutně živé prověření každého zdroje jednotlivě)",seeded,2026-07-27T06:24:22+00:00
CZ,Česko,Adyen,"Procesní/markup (IC++, bez interchange)","Karetní markup (model IC++, bez interchange)",card,IC++,0.6,0.6,0.13,0.13,USD,5.7594,5.7594,1.1519,1.1519,,https://www.adyen.com/pricing,"z rozšířeného datasetu (kontrola datována 22.7.2026 - jde o datum sestavení, ne nutně živé prověření každého zdroje jednotlivě)",seeded,2026-07-27T06:24:22+00:00
CZ,Česko,Clearhaus,Individuální nabídka,IC+ merchant acquiring (Card),card,Individual / IC+,,,,,CZK,,,,,,https://helpdesk.clearhaus.com/faq,"z rozšířeného datasetu (kontrola datována 22.7.2026 - jde o datum sestavení, ne nutně živé prověření každého zdroje jednotlivě)",seeded,2026-07-27T06:24:22+00:00
DK,Dánsko,Stripe,Veřejný ceník,Standard EEA consumer cards (Card),card,Blended,1.5,1.5,1.8,1.8,DKK,13.3158,13.3158,2.6632,2.6632,,https://stripe.com/en-dk/pricing,"z rozšířeného datasetu (kontrola datována 22.7.2026 - jde o datum sestavení, ne nutně živé prověření každého zdroje jednotlivě)",seeded,2026-07-27T06:24:22+00:00
DK,Dánsko,Mollie,Veřejný ceník,EEA consumer cards (Card),card,Blended,1.8,1.8,0.25,0.25,EUR,15.0375,15.0375,3.0075,3.0075,,https://www.mollie.com/pricing,"z rozšířeného datasetu (kontrola datována 22.7.2026 - jde o datum sestavení, ne nutně živé prověření každého zdroje jednotlivě)",seeded,2026-07-27T06:24:22+00:00
DK,Dánsko,Revolut,Veřejný ceník,Merchant – EEA consumer cards (Card),card,Blended,1.0,1.0,1.7,1.7,DKK,10.4927,10.4927,2.0985,2.0985,,https://help.revolut.com/cs-CZ/business/help/merchant-accounts/fees/how-much-does-it-cost-to-accept-card-payments/,"z rozšířeného datasetu (kontrola datována 22.7.2026 - jde o datum sestavení, ne nutně živé prověření každého zdroje jednotlivě)",seeded,2026-07-27T06:24:22+00:00
DK,Dánsko,Revolut,Veřejný ceník,Pay by Bank (A2A / Pay by Bank),a2a,Blended,1.0,1.0,1.7,1.7,DKK,10.4927,10.4927,2.0985,2.0985,,https://www.revolut.com/en-CZ/legal/business-basic-fees/,"z rozšířeného datasetu (kontrola datována 22.7.2026 - jde o datum sestavení, ne nutně živé prověření každého zdroje jednotlivě)",seeded,2026-07-27T06:24:22+00:00
DK,Dánsko,Adyen,"Procesní/markup (IC++, bez interchange)","Karetní markup (model IC++, bez interchange)",card,IC++,0.6,0.6,0.13,0.13,USD,5.7594,5.7594,1.1519,1.1519,,https://www.adyen.com/pricing,"z rozšířeného datasetu (kontrola datována 22.7.2026 - jde o datum sestavení, ne nutně živé prověření každého zdroje jednotlivě)",seeded,2026-07-27T06:24:22+00:00
DK,Dánsko,Clearhaus,Individuální nabídka,IC+ merchant acquiring (Card),card,Individual / IC+,,,,,DKK,,,,,,https://helpdesk.clearhaus.com/faq,"z rozšířeného datasetu (kontrola datována 22.7.2026 - jde o datum sestavení, ne nutně živé prověření každého zdroje jednotlivě)",seeded,2026-07-27T06:24:22+00:00
EE,Estonsko,Stripe,Veřejný ceník,Standard EEA consumer cards (Card),card,Blended,1.5,1.5,0.25,0.25,EUR,13.5375,13.5375,2.7075,2.7075,,https://stripe.com/en-ee/pricing,"z rozšířeného datasetu (kontrola datována 22.7.2026 - jde o datum sestavení, ne nutně živé prověření každého zdroje jednotlivě)",seeded,2026-07-27T06:24:22+00:00
EE,Estonsko,Mollie,Veřejný ceník,EEA consumer cards (Card),card,Blended,1.8,1.8,0.25,0.25,EUR,15.0375,15.0375,3.0075,3.0075,,https://www.mollie.com/pricing,"z rozšířeného datasetu (kontrola datována 22.7.2026 - jde o datum sestavení, ne nutně živé prověření každého zdroje jednotlivě)",seeded,2026-07-27T06:24:22+00:00
EE,Estonsko,Revolut,Veřejný ceník,Merchant – EEA consumer cards (Card),card,Blended,1.0,1.0,0.2,0.2,EUR,9.83,9.83,1.966,1.966,,https://help.revolut.com/cs-CZ/business/help/merchant-accounts/fees/how-much-does-it-cost-to-accept-card-payments/,"z rozšířeného datasetu (kontrola datována 22.7.2026 - jde o datum sestavení, ne nutně živé prověření každého zdroje jednotlivě)",seeded,2026-07-27T06:24:22+00:00
EE,Estonsko,Revolut,Veřejný ceník,Pay by Bank (A2A / Pay by Bank),a2a,Blended,1.0,1.0,0.2,0.2,EUR,9.83,9.83,1.966,1.966,,https://www.revolut.com/en-CZ/legal/business-basic-fees/,"z rozšířeného datasetu (kontrola datována 22.7.2026 - jde o datum sestavení, ne nutně živé prověření každého zdroje jednotlivě)",seeded,2026-07-27T06:24:22+00:00
EE,Estonsko,Adyen,"Procesní/markup (IC++, bez interchange)","Karetní markup (model IC++, bez interchange)",card,IC++,0.6,0.6,0.13,0.13,USD,5.7594,5.7594,1.1519,1.1519,,https://www.adyen.com/pricing,"z rozšířeného datasetu (kontrola datována 22.7.2026 - jde o datum sestavení, ne nutně živé prověření každého zdroje jednotlivě)",seeded,2026-07-27T06:24:22+00:00
EE,Estonsko,Clearhaus,Individuální nabídka,IC+ merchant acquiring (Card),card,Individual / IC+,,,,,EUR,,,,,,https://helpdesk.clearhaus.com/faq,"z rozšířeného datasetu (kontrola datována 22.7.2026 - jde o datum sestavení, ne nutně živé prověření každého zdroje jednotlivě)",seeded,2026-07-27T06:24:22+00:00
FI,Finsko,Stripe,Veřejný ceník,Standard EEA consumer cards (Card),card,Blended,1.5,1.5,0.25,0.25,EUR,13.5375,13.5375,2.7075,2.7075,,https://stripe.com/en-fi/pricing,"z rozšířeného datasetu (kontrola datována 22.7.2026 - jde o datum sestavení, ne nutně živé prověření každého zdroje jednotlivě)",seeded,2026-07-27T06:24:22+00:00
FI,Finsko,Mollie,Veřejný ceník,EEA consumer cards (Card),card,Blended,1.8,1.8,0.25,0.25,EUR,15.0375,15.0375,3.0075,3.0075,,https://www.mollie.com/pricing,"z rozšířeného datasetu (kontrola datována 22.7.2026 - jde o datum sestavení, ne nutně živé prověření každého zdroje jednotlivě)",seeded,2026-07-27T06:24:22+00:00
FI,Finsko,Revolut,Veřejný ceník,Merchant – EEA consumer cards (Card),card,Blended,1.0,1.0,0.2,0.2,EUR,9.83,9.83,1.966,1.966,,https://help.revolut.com/cs-CZ/business/help/merchant-accounts/fees/how-much-does-it-cost-to-accept-card-payments/,"z rozšířeného datasetu (kontrola datována 22.7.2026 - jde o datum sestavení, ne nutně živé prověření každého zdroje jednotlivě)",seeded,2026-07-27T06:24:22+00:00
FI,Finsko,Revolut,Veřejný ceník,Pay by Bank (A2A / Pay by Bank),a2a,Blended,1.0,1.0,0.2,0.2,EUR,9.83,9.83,1.966,1.966,,https://www.revolut.com/en-CZ/legal/business-basic-fees/,"z rozšířeného datasetu (kontrola datována 22.7.2026 - jde o datum sestavení, ne nutně živé prověření každého zdroje jednotlivě)",seeded,2026-07-27T06:24:22+00:00
FI,Finsko,Adyen,"Procesní/markup (IC++, bez interchange)","Karetní markup (model IC++, bez interchange)",card,IC++,0.6,0.6,0.13,0.13,USD,5.7594,5.7594,1.1519,1.1519,,https://www.adyen.com/pricing,"z rozšířeného datasetu (kontrola datována 22.7.2026 - jde o datum sestavení, ne nutně živé prověření každého zdroje jednotlivě)",seeded,2026-07-27T06:24:22+00:00
FI,Finsko,Clearhaus,Individuální nabídka,IC+ merchant acquiring (Card),card,Individual / IC+,,,,,EUR,,,,,,https://helpdesk.clearhaus.com/faq,"z rozšířeného datasetu (kontrola datována 22.7.2026 - jde o datum sestavení, ne nutně živé prověření každého zdroje jednotlivě)",seeded,2026-07-27T06:24:22+00:00
FR,Francie,Stripe,Veřejný ceník,Standard EEA consumer cards (Card),card,Blended,1.5,1.5,0.25,0.25,EUR,13.5375,13.5375,2.7075,2.7075,,https://stripe.com/fr/pricing,"z rozšířeného datasetu (kontrola datována 22.7.2026 - jde o datum sestavení, ne nutně živé prověření každého zdroje jednotlivě)",seeded,2026-07-27T06:24:22+00:00
FR,Francie,Mollie,Veřejný ceník,EEA consumer cards (Card),card,Blended,1.8,1.8,0.25,0.25,EUR,15.0375,15.0375,3.0075,3.0075,,https://www.mollie.com/pricing,"z rozšířeného datasetu (kontrola datována 22.7.2026 - jde o datum sestavení, ne nutně živé prověření každého zdroje jednotlivě)",seeded,2026-07-27T06:24:22+00:00
FR,Francie,Revolut,Veřejný ceník,Merchant – EEA consumer cards (Card),card,Blended,1.0,1.0,0.2,0.2,EUR,9.83,9.83,1.966,1.966,,https://help.revolut.com/cs-CZ/business/help/merchant-accounts/fees/how-much-does-it-cost-to-accept-card-payments/,"z rozšířeného datasetu (kontrola datována 22.7.2026 - jde o datum sestavení, ne nutně živé prověření každého zdroje jednotlivě)",seeded,2026-07-27T06:24:22+00:00
FR,Francie,Revolut,Veřejný ceník,Pay by Bank (A2A / Pay by Bank),a2a,Blended,1.0,1.0,0.2,0.2,EUR,9.83,9.83,1.966,1.966,,https://www.revolut.com/en-CZ/legal/business-basic-fees/,"z rozšířeného datasetu (kontrola datována 22.7.2026 - jde o datum sestavení, ne nutně živé prověření každého zdroje jednotlivě)",seeded,2026-07-27T06:24:22+00:00
FR,Francie,Adyen,"Procesní/markup (IC++, bez interchange)","Karetní markup (model IC++, bez interchange)",card,IC++,0.6,0.6,0.13,0.13,USD,5.7594,5.7594,1.1519,1.1519,,https://www.adyen.com/pricing,"z rozšířeného datasetu (kontrola datována 22.7.2026 - jde o datum sestavení, ne nutně živé prověření každého zdroje jednotlivě)",seeded,2026-07-27T06:24:22+00:00
FR,Francie,Clearhaus,Individuální nabídka,IC+ merchant acquiring (Card),card,Individual / IC+,,,,,EUR,,,,,,https://helpdesk.clearhaus.com/faq,"z rozšířeného datasetu (kontrola datována 22.7.2026 - jde o datum sestavení, ne nutně živé prověření každého zdroje jednotlivě)",seeded,2026-07-27T06:24:22+00:00
DE,Německo,Stripe,Veřejný ceník,Standard EEA consumer cards (Card),card,Blended,1.5,1.5,0.25,0.25,EUR,13.5375,13.5375,2.7075,2.7075,,https://stripe.com/de/pricing,"z rozšířeného datasetu (kontrola datována 22.7.2026 - jde o datum sestavení, ne nutně živé prověření každého zdroje jednotlivě)",seeded,2026-07-27T06:24:22+00:00
DE,Německo,Mollie,Veřejný ceník,EEA consumer cards (Card),card,Blended,1.8,1.8,0.25,0.25,EUR,15.0375,15.0375,3.0075,3.0075,,https://www.mollie.com/pricing,"z rozšířeného datasetu (kontrola datována 22.7.2026 - jde o datum sestavení, ne nutně živé prověření každého zdroje jednotlivě)",seeded,2026-07-27T06:24:22+00:00
DE,Německo,Revolut,Veřejný ceník,Merchant – EEA consumer cards (Card),card,Blended,1.0,1.0,0.2,0.2,EUR,9.83,9.83,1.966,1.966,,https://help.revolut.com/cs-CZ/business/help/merchant-accounts/fees/how-much-does-it-cost-to-accept-card-payments/,"z rozšířeného datasetu (kontrola datována 22.7.2026 - jde o datum sestavení, ne nutně živé prověření každého zdroje jednotlivě)",seeded,2026-07-27T06:24:22+00:00
DE,Německo,Revolut,Veřejný ceník,Pay by Bank (A2A / Pay by Bank),a2a,Blended,1.0,1.0,0.2,0.2,EUR,9.83,9.83,1.966,1.966,,https://www.revolut.com/en-CZ/legal/business-basic-fees/,"z rozšířeného datasetu (kontrola datována 22.7.2026 - jde o datum sestavení, ne nutně živé prověření každého zdroje jednotlivě)",seeded,2026-07-27T06:24:22+00:00
DE,Německo,Adyen,"Procesní/markup (IC++, bez interchange)","Karetní markup (model IC++, bez interchange)",card,IC++,0.6,0.6,0.13,0.13,USD,5.7594,5.7594,1.1519,1.1519,,https://www.adyen.com/pricing,"z rozšířeného datasetu (kontrola datována 22.7.2026 - jde o datum sestavení, ne nutně živé prověření každého zdroje jednotlivě)",seeded,2026-07-27T06:24:22+00:00
DE,Německo,Clearhaus,Individuální nabídka,IC+ merchant acquiring (Card),card,Individual / IC+,,,,,EUR,,,,,,https://helpdesk.clearhaus.com/faq,"z rozšířeného datasetu (kontrola datována 22.7.2026 - jde o datum sestavení, ne nutně živé prověření každého zdroje jednotlivě)",seeded,2026-07-27T06:24:22+00:00
GR,Řecko,Stripe,Veřejný ceník,Standard EEA consumer cards (Card),card,Blended,1.5,1.5,0.25,0.25,EUR,13.5375,13.5375,2.7075,2.7075,,https://stripe.com/en-gr/pricing,"z rozšířeného datasetu (kontrola datována 22.7.2026 - jde o datum sestavení, ne nutně živé prověření každého zdroje jednotlivě)",seeded,2026-07-27T06:24:22+00:00
GR,Řecko,Mollie,Veřejný ceník,EEA consumer cards (Card),card,Blended,1.8,1.8,0.25,0.25,EUR,15.0375,15.0375,3.0075,3.0075,,https://www.mollie.com/pricing,"z rozšířeného datasetu (kontrola datována 22.7.2026 - jde o datum sestavení, ne nutně živé prověření každého zdroje jednotlivě)",seeded,2026-07-27T06:24:22+00:00
GR,Řecko,Revolut,Veřejný ceník,Merchant – EEA consumer cards (Card),card,Blended,1.0,1.0,0.2,0.2,EUR,9.83,9.83,1.966,1.966,,https://help.revolut.com/cs-CZ/business/help/merchant-accounts/fees/how-much-does-it-cost-to-accept-card-payments/,"z rozšířeného datasetu (kontrola datována 22.7.2026 - jde o datum sestavení, ne nutně živé prověření každého zdroje jednotlivě)",seeded,2026-07-27T06:24:22+00:00
GR,Řecko,Revolut,Veřejný ceník,Pay by Bank (A2A / Pay by Bank),a2a,Blended,1.0,1.0,0.2,0.2,EUR,9.83,9.83,1.966,1.966,,https://www.revolut.com/en-CZ/legal/business-basic-fees/,"z rozšířeného datasetu (kontrola datována 22.7.2026 - jde o datum sestavení, ne nutně živé prověření každého zdroje jednotlivě)",seeded,2026-07-27T06:24:22+00:00
GR,Řecko,Adyen,"Procesní/markup (IC++, bez interchange)","Karetní markup (model IC++, bez interchange)",card,IC++,0.6,0.6,0.13,0.13,USD,5.7594,5.7594,1.1519,1.1519,,https://www.adyen.com/pricing,"z rozšířeného datasetu (kontrola datována 22.7.2026 - jde o datum sestavení, ne nutně živé prověření každého zdroje jednotlivě)",seeded,2026-07-27T06:24:22+00:00
GR,Řecko,Clearhaus,Individuální nabídka,IC+ merchant acquiring (Card),card,Individual / IC+,,,,,EUR,,,,,,https://helpdesk.clearhaus.com/faq,"z rozšířeného datasetu (kontrola datována 22.7.2026 - jde o datum sestavení, ne nutně živé prověření každého zdroje jednotlivě)",seeded,2026-07-27T06:24:22+00:00
HU,Maďarsko,Stripe,Veřejný ceník,Standard EEA consumer cards (Card),card,Blended,1.5,1.5,85,85,HUF,13.1729,13.1729,2.6346,2.6346,,https://stripe.com/en-hu/pricing,"z rozšířeného datasetu (kontrola datována 22.7.2026 - jde o datum sestavení, ne nutně živé prověření každého zdroje jednotlivě)",seeded,2026-07-27T06:24:22+00:00
HU,Maďarsko,Mollie,Veřejný ceník,EEA consumer cards (Card),card,Blended,1.8,1.8,0.25,0.25,EUR,15.0375,15.0375,3.0075,3.0075,,https://www.mollie.com/pricing,"z rozšířeného datasetu (kontrola datována 22.7.2026 - jde o datum sestavení, ne nutně živé prověření každého zdroje jednotlivě)",seeded,2026-07-27T06:24:22+00:00
HU,Maďarsko,Revolut,Veřejný ceník,Merchant – EEA consumer cards (Card),card,Blended,1.0,1.0,80,80,HUF,10.3392,10.3392,2.0678,2.0678,,https://help.revolut.com/cs-CZ/business/help/merchant-accounts/fees/how-much-does-it-cost-to-accept-card-payments/,"z rozšířeného datasetu (kontrola datována 22.7.2026 - jde o datum sestavení, ne nutně živé prověření každého zdroje jednotlivě)",seeded,2026-07-27T06:24:22+00:00
HU,Maďarsko,Revolut,Veřejný ceník,Pay by Bank (A2A / Pay by Bank),a2a,Blended,1.0,1.0,80,80,HUF,10.3392,10.3392,2.0678,2.0678,,https://www.revolut.com/en-CZ/legal/business-basic-fees/,"z rozšířeného datasetu (kontrola datována 22.7.2026 - jde o datum sestavení, ne nutně živé prověření každého zdroje jednotlivě)",seeded,2026-07-27T06:24:22+00:00
HU,Maďarsko,Adyen,"Procesní/markup (IC++, bez interchange)","Karetní markup (model IC++, bez interchange)",card,IC++,0.6,0.6,0.13,0.13,USD,5.7594,5.7594,1.1519,1.1519,,https://www.adyen.com/pricing,"z rozšířeného datasetu (kontrola datována 22.7.2026 - jde o datum sestavení, ne nutně živé prověření každého zdroje jednotlivě)",seeded,2026-07-27T06:24:22+00:00
HU,Maďarsko,Clearhaus,Individuální nabídka,IC+ merchant acquiring (Card),card,Individual / IC+,,,,,HUF,,,,,,https://helpdesk.clearhaus.com/faq,"z rozšířeného datasetu (kontrola datována 22.7.2026 - jde o datum sestavení, ne nutně živé prověření každého zdroje jednotlivě)",seeded,2026-07-27T06:24:22+00:00
IE,Irsko,Stripe,Veřejný ceník,Standard EEA consumer cards (Card),card,Blended,1.5,1.5,0.25,0.25,EUR,13.5375,13.5375,2.7075,2.7075,,https://stripe.com/ie/pricing,"z rozšířeného datasetu (kontrola datována 22.7.2026 - jde o datum sestavení, ne nutně živé prověření každého zdroje jednotlivě)",seeded,2026-07-27T06:24:22+00:00
IE,Irsko,Mollie,Veřejný ceník,EEA consumer cards (Card),card,Blended,1.8,1.8,0.25,0.25,EUR,15.0375,15.0375,3.0075,3.0075,,https://www.mollie.com/pricing,"z rozšířeného datasetu (kontrola datována 22.7.2026 - jde o datum sestavení, ne nutně živé prověření každého zdroje jednotlivě)",seeded,2026-07-27T06:24:22+00:00
IE,Irsko,Revolut,Veřejný ceník,Merchant – EEA consumer cards (Card),card,Blended,1.0,1.0,0.2,0.2,EUR,9.83,9.83,1.966,1.966,,https://help.revolut.com/cs-CZ/business/help/merchant-accounts/fees/how-much-does-it-cost-to-accept-card-payments/,"z rozšířeného datasetu (kontrola datována 22.7.2026 - jde o datum sestavení, ne nutně živé prověření každého zdroje jednotlivě)",seeded,2026-07-27T06:24:22+00:00
IE,Irsko,Revolut,Veřejný ceník,Pay by Bank (A2A / Pay by Bank),a2a,Blended,1.0,1.0,0.2,0.2,EUR,9.83,9.83,1.966,1.966,,https://www.revolut.com/en-CZ/legal/business-basic-fees/,"z rozšířeného datasetu (kontrola datována 22.7.2026 - jde o datum sestavení, ne nutně živé prověření každého zdroje jednotlivě)",seeded,2026-07-27T06:24:22+00:00
IE,Irsko,Adyen,"Procesní/markup (IC++, bez interchange)","Karetní markup (model IC++, bez interchange)",card,IC++,0.6,0.6,0.13,0.13,USD,5.7594,5.7594,1.1519,1.1519,,https://www.adyen.com/pricing,"z rozšířeného datasetu (kontrola datována 22.7.2026 - jde o datum sestavení, ne nutně živé prověření každého zdroje jednotlivě)",seeded,2026-07-27T06:24:22+00:00
IE,Irsko,Clearhaus,Individuální nabídka,IC+ merchant acquiring (Card),card,Individual / IC+,,,,,EUR,,,,,,https://helpdesk.clearhaus.com/faq,"z rozšířeného datasetu (kontrola datována 22.7.2026 - jde o datum sestavení, ne nutně živé prověření každého zdroje jednotlivě)",seeded,2026-07-27T06:24:22+00:00
IT,Itálie,Stripe,Veřejný ceník,Standard EEA consumer cards (Card),card,Blended,1.5,1.5,0.25,0.25,EUR,13.5375,13.5375,2.7075,2.7075,,https://stripe.com/it/pricing,"z rozšířeného datasetu (kontrola datována 22.7.2026 - jde o datum sestavení, ne nutně živé prověření každého zdroje jednotlivě)",seeded,2026-07-27T06:24:22+00:00
IT,Itálie,Mollie,Veřejný ceník,EEA consumer cards (Card),card,Blended,1.8,1.8,0.25,0.25,EUR,15.0375,15.0375,3.0075,3.0075,,https://www.mollie.com/pricing,"z rozšířeného datasetu (kontrola datována 22.7.2026 - jde o datum sestavení, ne nutně živé prověření každého zdroje jednotlivě)",seeded,2026-07-27T06:24:22+00:00
IT,Itálie,Revolut,Veřejný ceník,Merchant – EEA consumer cards (Card),card,Blended,1.0,1.0,0.2,0.2,EUR,9.83,9.83,1.966,1.966,,https://help.revolut.com/cs-CZ/business/help/merchant-accounts/fees/how-much-does-it-cost-to-accept-card-payments/,"z rozšířeného datasetu (kontrola datována 22.7.2026 - jde o datum sestavení, ne nutně živé prověření každého zdroje jednotlivě)",seeded,2026-07-27T06:24:22+00:00
IT,Itálie,Revolut,Veřejný ceník,Pay by Bank (A2A / Pay by Bank),a2a,Blended,1.0,1.0,0.2,0.2,EUR,9.83,9.83,1.966,1.966,,https://www.revolut.com/en-CZ/legal/business-basic-fees/,"z rozšířeného datasetu (kontrola datována 22.7.2026 - jde o datum sestavení, ne nutně živé prověření každého zdroje jednotlivě)",seeded,2026-07-27T06:24:22+00:00
IT,Itálie,Adyen,"Procesní/markup (IC++, bez interchange)","Karetní markup (model IC++, bez interchange)",card,IC++,0.6,0.6,0.13,0.13,USD,5.7594,5.7594,1.1519,1.1519,,https://www.adyen.com/pricing,"z rozšířeného datasetu (kontrola datována 22.7.2026 - jde o datum sestavení, ne nutně živé prověření každého zdroje jednotlivě)",seeded,2026-07-27T06:24:22+00:00
IT,Itálie,Clearhaus,Individuální nabídka,IC+ merchant acquiring (Card),card,Individual / IC+,,,,,EUR,,,,,,https://helpdesk.clearhaus.com/faq,"z rozšířeného datasetu (kontrola datována 22.7.2026 - jde o datum sestavení, ne nutně živé prověření každého zdroje jednotlivě)",seeded,2026-07-27T06:24:22+00:00
LV,Lotyšsko,Stripe,Veřejný ceník,Standard EEA consumer cards (Card),card,Blended,1.5,1.5,0.25,0.25,EUR,13.5375,13.5375,2.7075,2.7075,,https://stripe.com/en-lv/pricing,"z rozšířeného datasetu (kontrola datována 22.7.2026 - jde o datum sestavení, ne nutně živé prověření každého zdroje jednotlivě)",seeded,2026-07-27T06:24:22+00:00
LV,Lotyšsko,Mollie,Veřejný ceník,EEA consumer cards (Card),card,Blended,1.8,1.8,0.25,0.25,EUR,15.0375,15.0375,3.0075,3.0075,,https://www.mollie.com/pricing,"z rozšířeného datasetu (kontrola datována 22.7.2026 - jde o datum sestavení, ne nutně živé prověření každého zdroje jednotlivě)",seeded,2026-07-27T06:24:22+00:00
LV,Lotyšsko,Revolut,Veřejný ceník,Merchant – EEA consumer cards (Card),card,Blended,1.0,1.0,0.2,0.2,EUR,9.83,9.83,1.966,1.966,,https://help.revolut.com/cs-CZ/business/help/merchant-accounts/fees/how-much-does-it-cost-to-accept-card-payments/,"z rozšířeného datasetu (kontrola datována 22.7.2026 - jde o datum sestavení, ne nutně živé prověření každého zdroje jednotlivě)",seeded,2026-07-27T06:24:22+00:00
LV,Lotyšsko,Revolut,Veřejný ceník,Pay by Bank (A2A / Pay by Bank),a2a,Blended,1.0,1.0,0.2,0.2,EUR,9.83,9.83,1.966,1.966,,https://www.revolut.com/en-CZ/legal/business-basic-fees/,"z rozšířeného datasetu (kontrola datována 22.7.2026 - jde o datum sestavení, ne nutně živé prověření každého zdroje jednotlivě)",seeded,2026-07-27T06:24:22+00:00
LV,Lotyšsko,Adyen,"Procesní/markup (IC++, bez interchange)","Karetní markup (model IC++, bez interchange)",card,IC++,0.6,0.6,0.13,0.13,USD,5.7594,5.7594,1.1519,1.1519,,https://www.adyen.com/pricing,"z rozšířeného datasetu (kontrola datována 22.7.2026 - jde o datum sestavení, ne nutně živé prověření každého zdroje jednotlivě)",seeded,2026-07-27T06:24:22+00:00
LV,Lotyšsko,Clearhaus,Individuální nabídka,IC+ merchant acquiring (Card),card,Individual / IC+,,,,,EUR,,,,,,https://helpdesk.clearhaus.com/faq,"z rozšířeného datasetu (kontrola datována 22.7.2026 - jde o datum sestavení, ne nutně živé prověření každého zdroje jednotlivě)",seeded,2026-07-27T06:24:22+00:00
LT,Litva,Stripe,Veřejný ceník,Standard EEA consumer cards (Card),card,Blended,1.5,1.5,0.25,0.25,EUR,13.5375,13.5375,2.7075,2.7075,,https://stripe.com/en-lt/pricing,"z rozšířeného datasetu (kontrola datována 22.7.2026 - jde o datum sestavení, ne nutně živé prověření každého zdroje jednotlivě)",seeded,2026-07-27T06:24:22+00:00
LT,Litva,Mollie,Veřejný ceník,EEA consumer cards (Card),card,Blended,1.8,1.8,0.25,0.25,EUR,15.0375,15.0375,3.0075,3.0075,,https://www.mollie.com/pricing,"z rozšířeného datasetu (kontrola datována 22.7.2026 - jde o datum sestavení, ne nutně živé prověření každého zdroje jednotlivě)",seeded,2026-07-27T06:24:22+00:00
LT,Litva,Revolut,Veřejný ceník,Merchant – EEA consumer cards (Card),card,Blended,1.0,1.0,0.2,0.2,EUR,9.83,9.83,1.966,1.966,,https://help.revolut.com/cs-CZ/business/help/merchant-accounts/fees/how-much-does-it-cost-to-accept-card-payments/,"z rozšířeného datasetu (kontrola datována 22.7.2026 - jde o datum sestavení, ne nutně živé prověření každého zdroje jednotlivě)",seeded,2026-07-27T06:24:22+00:00
LT,Litva,Revolut,Veřejný ceník,Pay by Bank (A2A / Pay by Bank),a2a,Blended,1.0,1.0,0.2,0.2,EUR,9.83,9.83,1.966,1.966,,https://www.revolut.com/en-CZ/legal/business-basic-fees/,"z rozšířeného datasetu (kontrola datována 22.7.2026 - jde o datum sestavení, ne nutně živé prověření každého zdroje jednotlivě)",seeded,2026-07-27T06:24:22+00:00
LT,Litva,Adyen,"Procesní/markup (IC++, bez interchange)","Karetní markup (model IC++, bez interchange)",card,IC++,0.6,0.6,0.13,0.13,USD,5.7594,5.7594,1.1519,1.1519,,https://www.adyen.com/pricing,"z rozšířeného datasetu (kontrola datována 22.7.2026 - jde o datum sestavení, ne nutně živé prověření každého zdroje jednotlivě)",seeded,2026-07-27T06:24:22+00:00
LT,Litva,Clearhaus,Individuální nabídka,IC+ merchant acquiring (Card),card,Individual / IC+,,,,,EUR,,,,,,https://helpdesk.clearhaus.com/faq,"z rozšířeného datasetu (kontrola datována 22.7.2026 - jde o datum sestavení, ne nutně živé prověření každého zdroje jednotlivě)",seeded,2026-07-27T06:24:22+00:00
LU,Lucembursko,Stripe,Veřejný ceník,Standard EEA consumer cards (Card),card,Blended,1.5,1.5,0.25,0.25,EUR,13.5375,13.5375,2.7075,2.7075,,https://stripe.com/lu/pricing,"z rozšířeného datasetu (kontrola datována 22.7.2026 - jde o datum sestavení, ne nutně živé prověření každého zdroje jednotlivě)",seeded,2026-07-27T06:24:22+00:00
LU,Lucembursko,Mollie,Veřejný ceník,EEA consumer cards (Card),card,Blended,1.8,1.8,0.25,0.25,EUR,15.0375,15.0375,3.0075,3.0075,,https://www.mollie.com/pricing,"z rozšířeného datasetu (kontrola datována 22.7.2026 - jde o datum sestavení, ne nutně živé prověření každého zdroje jednotlivě)",seeded,2026-07-27T06:24:22+00:00
LU,Lucembursko,Revolut,Veřejný ceník,Merchant – EEA consumer cards (Card),card,Blended,1.0,1.0,0.2,0.2,EUR,9.83,9.83,1.966,1.966,,https://help.revolut.com/cs-CZ/business/help/merchant-accounts/fees/how-much-does-it-cost-to-accept-card-payments/,"z rozšířeného datasetu (kontrola datována 22.7.2026 - jde o datum sestavení, ne nutně živé prověření každého zdroje jednotlivě)",seeded,2026-07-27T06:24:22+00:00
LU,Lucembursko,Revolut,Veřejný ceník,Pay by Bank (A2A / Pay by Bank),a2a,Blended,1.0,1.0,0.2,0.2,EUR,9.83,9.83,1.966,1.966,,https://www.revolut.com/en-CZ/legal/business-basic-fees/,"z rozšířeného datasetu (kontrola datována 22.7.2026 - jde o datum sestavení, ne nutně živé prověření každého zdroje jednotlivě)",seeded,2026-07-27T06:24:22+00:00
LU,Lucembursko,Adyen,"Procesní/markup (IC++, bez interchange)","Karetní markup (model IC++, bez interchange)",card,IC++,0.6,0.6,0.13,0.13,USD,5.7594,5.7594,1.1519,1.1519,,https://www.adyen.com/pricing,"z rozšířeného datasetu (kontrola datována 22.7.2026 - jde o datum sestavení, ne nutně živé prověření každého zdroje jednotlivě)",seeded,2026-07-27T06:24:22+00:00
LU,Lucembursko,Clearhaus,Individuální nabídka,IC+ merchant acquiring (Card),card,Individual / IC+,,,,,EUR,,,,,,https://helpdesk.clearhaus.com/faq,"z rozšířeného datasetu (kontrola datována 22.7.2026 - jde o datum sestavení, ne nutně živé prověření každého zdroje jednotlivě)",seeded,2026-07-27T06:24:22+00:00
MT,Malta,Stripe,Veřejný ceník,Standard EEA consumer cards (Card),card,Blended,1.5,1.5,0.25,0.25,EUR,13.5375,13.5375,2.7075,2.7075,,https://stripe.com/en-mt/pricing,"z rozšířeného datasetu (kontrola datována 22.7.2026 - jde o datum sestavení, ne nutně živé prověření každého zdroje jednotlivě)",seeded,2026-07-27T06:24:22+00:00
MT,Malta,Mollie,Veřejný ceník,EEA consumer cards (Card),card,Blended,1.8,1.8,0.25,0.25,EUR,15.0375,15.0375,3.0075,3.0075,,https://www.mollie.com/pricing,"z rozšířeného datasetu (kontrola datována 22.7.2026 - jde o datum sestavení, ne nutně živé prověření každého zdroje jednotlivě)",seeded,2026-07-27T06:24:22+00:00
MT,Malta,Revolut,Veřejný ceník,Merchant – EEA consumer cards (Card),card,Blended,1.0,1.0,0.2,0.2,EUR,9.83,9.83,1.966,1.966,,https://help.revolut.com/cs-CZ/business/help/merchant-accounts/fees/how-much-does-it-cost-to-accept-card-payments/,"z rozšířeného datasetu (kontrola datována 22.7.2026 - jde o datum sestavení, ne nutně živé prověření každého zdroje jednotlivě)",seeded,2026-07-27T06:24:22+00:00
MT,Malta,Revolut,Veřejný ceník,Pay by Bank (A2A / Pay by Bank),a2a,Blended,1.0,1.0,0.2,0.2,EUR,9.83,9.83,1.966,1.966,,https://www.revolut.com/en-CZ/legal/business-basic-fees/,"z rozšířeného datasetu (kontrola datována 22.7.2026 - jde o datum sestavení, ne nutně živé prověření každého zdroje jednotlivě)",seeded,2026-07-27T06:24:22+00:00
MT,Malta,Adyen,"Procesní/markup (IC++, bez interchange)","Karetní markup (model IC++, bez interchange)",card,IC++,0.6,0.6,0.13,0.13,USD,5.7594,5.7594,1.1519,1.1519,,https://www.adyen.com/pricing,"z rozšířeného datasetu (kontrola datována 22.7.2026 - jde o datum sestavení, ne nutně živé prověření každého zdroje jednotlivě)",seeded,2026-07-27T06:24:22+00:00
MT,Malta,Clearhaus,Individuální nabídka,IC+ merchant acquiring (Card),card,Individual / IC+,,,,,EUR,,,,,,https://helpdesk.clearhaus.com/faq,"z rozšířeného datasetu (kontrola datována 22.7.2026 - jde o datum sestavení, ne nutně živé prověření každého zdroje jednotlivě)",seeded,2026-07-27T06:24:22+00:00
NL,Nizozemsko,Stripe,Veřejný ceník,Standard EEA consumer cards (Card),card,Blended,1.5,1.5,0.25,0.25,EUR,13.5375,13.5375,2.7075,2.7075,,https://stripe.com/nl/pricing,"z rozšířeného datasetu (kontrola datována 22.7.2026 - jde o datum sestavení, ne nutně živé prověření každého zdroje jednotlivě)",seeded,2026-07-27T06:24:22+00:00
NL,Nizozemsko,Mollie,Veřejný ceník,EEA consumer cards (Card),card,Blended,1.8,1.8,0.25,0.25,EUR,15.0375,15.0375,3.0075,3.0075,,https://www.mollie.com/pricing,"z rozšířeného datasetu (kontrola datována 22.7.2026 - jde o datum sestavení, ne nutně živé prověření každého zdroje jednotlivě)",seeded,2026-07-27T06:24:22+00:00
NL,Nizozemsko,Revolut,Veřejný ceník,Merchant – EEA consumer cards (Card),card,Blended,1.0,1.0,0.2,0.2,EUR,9.83,9.83,1.966,1.966,,https://help.revolut.com/cs-CZ/business/help/merchant-accounts/fees/how-much-does-it-cost-to-accept-card-payments/,"z rozšířeného datasetu (kontrola datována 22.7.2026 - jde o datum sestavení, ne nutně živé prověření každého zdroje jednotlivě)",seeded,2026-07-27T06:24:22+00:00
NL,Nizozemsko,Revolut,Veřejný ceník,Pay by Bank (A2A / Pay by Bank),a2a,Blended,1.0,1.0,0.2,0.2,EUR,9.83,9.83,1.966,1.966,,https://www.revolut.com/en-CZ/legal/business-basic-fees/,"z rozšířeného datasetu (kontrola datována 22.7.2026 - jde o datum sestavení, ne nutně živé prověření každého zdroje jednotlivě)",seeded,2026-07-27T06:24:22+00:00
NL,Nizozemsko,Adyen,"Procesní/markup (IC++, bez interchange)","Karetní markup (model IC++, bez interchange)",card,IC++,0.6,0.6,0.13,0.13,USD,5.7594,5.7594,1.1519,1.1519,,https://www.adyen.com/pricing,"z rozšířeného datasetu (kontrola datována 22.7.2026 - jde o datum sestavení, ne nutně živé prověření každého zdroje jednotlivě)",seeded,2026-07-27T06:24:22+00:00
NL,Nizozemsko,Clearhaus,Individuální nabídka,IC+ merchant acquiring (Card),card,Individual / IC+,,,,,EUR,,,,,,https://helpdesk.clearhaus.com/faq,"z rozšířeného datasetu (kontrola datována 22.7.2026 - jde o datum sestavení, ne nutně živé prověření každého zdroje jednotlivě)",seeded,2026-07-27T06:24:22+00:00
PL,Polsko,Stripe,Veřejný ceník,Standard EEA consumer cards (Card),card,Blended,1.5,1.5,1,1,PLN,13.096,13.096,2.6192,2.6192,,https://stripe.com/en-pl/pricing,"z rozšířeného datasetu (kontrola datována 22.7.2026 - jde o datum sestavení, ne nutně živé prověření každého zdroje jednotlivě)",seeded,2026-07-27T06:24:22+00:00
PL,Polsko,Mollie,Veřejný ceník,EEA consumer cards (Card),card,Blended,1.8,1.8,0.25,0.25,EUR,15.0375,15.0375,3.0075,3.0075,,https://www.mollie.com/pricing,"z rozšířeného datasetu (kontrola datována 22.7.2026 - jde o datum sestavení, ne nutně živé prověření každého zdroje jednotlivě)",seeded,2026-07-27T06:24:22+00:00
PL,Polsko,Revolut,Veřejný ceník,Merchant – EEA consumer cards (Card),card,Blended,1.0,1.0,1,1,PLN,10.596,10.596,2.1192,2.1192,,https://help.revolut.com/cs-CZ/business/help/merchant-accounts/fees/how-much-does-it-cost-to-accept-card-payments/,"z rozšířeného datasetu (kontrola datována 22.7.2026 - jde o datum sestavení, ne nutně živé prověření každého zdroje jednotlivě)",seeded,2026-07-27T06:24:22+00:00
PL,Polsko,Revolut,Veřejný ceník,Pay by Bank (A2A / Pay by Bank),a2a,Blended,1.0,1.0,1,1,PLN,10.596,10.596,2.1192,2.1192,,https://www.revolut.com/en-CZ/legal/business-basic-fees/,"z rozšířeného datasetu (kontrola datována 22.7.2026 - jde o datum sestavení, ne nutně živé prověření každého zdroje jednotlivě)",seeded,2026-07-27T06:24:22+00:00
PL,Polsko,Adyen,"Procesní/markup (IC++, bez interchange)","Karetní markup (model IC++, bez interchange)",card,IC++,0.6,0.6,0.13,0.13,USD,5.7594,5.7594,1.1519,1.1519,,https://www.adyen.com/pricing,"z rozšířeného datasetu (kontrola datována 22.7.2026 - jde o datum sestavení, ne nutně živé prověření každého zdroje jednotlivě)",seeded,2026-07-27T06:24:22+00:00
PL,Polsko,Clearhaus,Individuální nabídka,IC+ merchant acquiring (Card),card,Individual / IC+,,,,,PLN,,,,,,https://helpdesk.clearhaus.com/faq,"z rozšířeného datasetu (kontrola datována 22.7.2026 - jde o datum sestavení, ne nutně živé prověření každého zdroje jednotlivě)",seeded,2026-07-27T06:24:22+00:00
PT,Portugalsko,Stripe,Veřejný ceník,Standard EEA consumer cards (Card),card,Blended,1.5,1.5,0.25,0.25,EUR,13.5375,13.5375,2.7075,2.7075,,https://stripe.com/pt-pt/pricing,"z rozšířeného datasetu (kontrola datována 22.7.2026 - jde o datum sestavení, ne nutně živé prověření každého zdroje jednotlivě)",seeded,2026-07-27T06:24:22+00:00
PT,Portugalsko,Mollie,Veřejný ceník,EEA consumer cards (Card),card,Blended,1.8,1.8,0.25,0.25,EUR,15.0375,15.0375,3.0075,3.0075,,https://www.mollie.com/pricing,"z rozšířeného datasetu (kontrola datována 22.7.2026 - jde o datum sestavení, ne nutně živé prověření každého zdroje jednotlivě)",seeded,2026-07-27T06:24:22+00:00
PT,Portugalsko,Revolut,Veřejný ceník,Merchant – EEA consumer cards (Card),card,Blended,1.0,1.0,0.2,0.2,EUR,9.83,9.83,1.966,1.966,,https://help.revolut.com/cs-CZ/business/help/merchant-accounts/fees/how-much-does-it-cost-to-accept-card-payments/,"z rozšířeného datasetu (kontrola datována 22.7.2026 - jde o datum sestavení, ne nutně živé prověření každého zdroje jednotlivě)",seeded,2026-07-27T06:24:22+00:00
PT,Portugalsko,Revolut,Veřejný ceník,Pay by Bank (A2A / Pay by Bank),a2a,Blended,1.0,1.0,0.2,0.2,EUR,9.83,9.83,1.966,1.966,,https://www.revolut.com/en-CZ/legal/business-basic-fees/,"z rozšířeného datasetu (kontrola datována 22.7.2026 - jde o datum sestavení, ne nutně živé prověření každého zdroje jednotlivě)",seeded,2026-07-27T06:24:22+00:00
PT,Portugalsko,Adyen,"Procesní/markup (IC++, bez interchange)","Karetní markup (model IC++, bez interchange)",card,IC++,0.6,0.6,0.13,0.13,USD,5.7594,5.7594,1.1519,1.1519,,https://www.adyen.com/pricing,"z rozšířeného datasetu (kontrola datována 22.7.2026 - jde o datum sestavení, ne nutně živé prověření každého zdroje jednotlivě)",seeded,2026-07-27T06:24:22+00:00
PT,Portugalsko,Clearhaus,Individuální nabídka,IC+ merchant acquiring (Card),card,Individual / IC+,,,,,EUR,,,,,,https://helpdesk.clearhaus.com/faq,"z rozšířeného datasetu (kontrola datována 22.7.2026 - jde o datum sestavení, ne nutně živé prověření každého zdroje jednotlivě)",seeded,2026-07-27T06:24:22+00:00
RO,Rumunsko,Stripe,Veřejný ceník,Standard EEA consumer cards (Card),card,Blended,1.5,1.5,1,1,RON,12.113,12.113,2.4226,2.4226,,https://stripe.com/en-ro/pricing,"z rozšířeného datasetu (kontrola datována 22.7.2026 - jde o datum sestavení, ne nutně živé prověření každého zdroje jednotlivě)",seeded,2026-07-27T06:24:22+00:00
RO,Rumunsko,Mollie,Veřejný ceník,EEA consumer cards (Card),card,Blended,1.8,1.8,0.25,0.25,EUR,15.0375,15.0375,3.0075,3.0075,,https://www.mollie.com/pricing,"z rozšířeného datasetu (kontrola datována 22.7.2026 - jde o datum sestavení, ne nutně živé prověření každého zdroje jednotlivě)",seeded,2026-07-27T06:24:22+00:00
RO,Rumunsko,Revolut,Veřejný ceník,Merchant – EEA consumer cards (Card),card,Blended,1.0,1.0,1.2,1.2,RON,10.5356,10.5356,2.1071,2.1071,,https://help.revolut.com/cs-CZ/business/help/merchant-accounts/fees/how-much-does-it-cost-to-accept-card-payments/,"z rozšířeného datasetu (kontrola datována 22.7.2026 - jde o datum sestavení, ne nutně živé prověření každého zdroje jednotlivě)",seeded,2026-07-27T06:24:22+00:00
RO,Rumunsko,Revolut,Veřejný ceník,Pay by Bank (A2A / Pay by Bank),a2a,Blended,1.0,1.0,1.2,1.2,RON,10.5356,10.5356,2.1071,2.1071,,https://www.revolut.com/en-CZ/legal/business-basic-fees/,"z rozšířeného datasetu (kontrola datována 22.7.2026 - jde o datum sestavení, ne nutně živé prověření každého zdroje jednotlivě)",seeded,2026-07-27T06:24:22+00:00
RO,Rumunsko,Adyen,"Procesní/markup (IC++, bez interchange)","Karetní markup (model IC++, bez interchange)",card,IC++,0.6,0.6,0.13,0.13,USD,5.7594,5.7594,1.1519,1.1519,,https://www.adyen.com/pricing,"z rozšířeného datasetu (kontrola datována 22.7.2026 - jde o datum sestavení, ne nutně živé prověření každého zdroje jednotlivě)",seeded,2026-07-27T06:24:22+00:00
RO,Rumunsko,Clearhaus,Individuální nabídka,IC+ merchant acquiring (Card),card,Individual / IC+,,,,,RON,,,,,,https://helpdesk.clearhaus.com/faq,"z rozšířeného datasetu (kontrola datována 22.7.2026 - jde o datum sestavení, ne nutně živé prověření každého zdroje jednotlivě)",seeded,2026-07-27T06:24:22+00:00
SK,Slovensko,Stripe,Veřejný ceník,Standard EEA consumer cards (Card),card,Blended,1.5,1.5,0.25,0.25,EUR,13.5375,13.5375,2.7075,2.7075,,https://stripe.com/en-sk/pricing,"z rozšířeného datasetu (kontrola datována 22.7.2026 - jde o datum sestavení, ne nutně živé prověření každého zdroje jednotlivě)",seeded,2026-07-27T06:24:22+00:00
SK,Slovensko,Mollie,Veřejný ceník,EEA consumer cards (Card),card,Blended,1.8,1.8,0.25,0.25,EUR,15.0375,15.0375,3.0075,3.0075,,https://www.mollie.com/pricing,"z rozšířeného datasetu (kontrola datována 22.7.2026 - jde o datum sestavení, ne nutně živé prověření každého zdroje jednotlivě)",seeded,2026-07-27T06:24:22+00:00
SK,Slovensko,Revolut,Veřejný ceník,Merchant – EEA consumer cards (Card),card,Blended,1.0,1.0,0.2,0.2,EUR,9.83,9.83,1.966,1.966,,https://help.revolut.com/cs-CZ/business/help/merchant-accounts/fees/how-much-does-it-cost-to-accept-card-payments/,"z rozšířeného datasetu (kontrola datována 22.7.2026 - jde o datum sestavení, ne nutně živé prověření každého zdroje jednotlivě)",seeded,2026-07-27T06:24:22+00:00
SK,Slovensko,Revolut,Veřejný ceník,Pay by Bank (A2A / Pay by Bank),a2a,Blended,1.0,1.0,0.2,0.2,EUR,9.83,9.83,1.966,1.966,,https://www.revolut.com/en-CZ/legal/business-basic-fees/,"z rozšířeného datasetu (kontrola datována 22.7.2026 - jde o datum sestavení, ne nutně živé prověření každého zdroje jednotlivě)",seeded,2026-07-27T06:24:22+00:00
SK,Slovensko,Adyen,"Procesní/markup (IC++, bez interchange)","Karetní markup (model IC++, bez interchange)",card,IC++,0.6,0.6,0.13,0.13,USD,5.7594,5.7594,1.1519,1.1519,,https://www.adyen.com/pricing,"z rozšířeného datasetu (kontrola datována 22.7.2026 - jde o datum sestavení, ne nutně živé prověření každého zdroje jednotlivě)",seeded,2026-07-27T06:24:22+00:00
SK,Slovensko,Clearhaus,Individuální nabídka,IC+ merchant acquiring (Card),card,Individual / IC+,,,,,EUR,,,,,,https://helpdesk.clearhaus.com/faq,"z rozšířeného datasetu (kontrola datována 22.7.2026 - jde o datum sestavení, ne nutně živé prověření každého zdroje jednotlivě)",seeded,2026-07-27T06:24:22+00:00
SI,Slovinsko,Stripe,Veřejný ceník,Standard EEA consumer cards (Card),card,Blended,1.5,1.5,0.25,0.25,EUR,13.5375,13.5375,2.7075,2.7075,,https://stripe.com/en-si/pricing,"z rozšířeného datasetu (kontrola datována 22.7.2026 - jde o datum sestavení, ne nutně živé prověření každého zdroje jednotlivě)",seeded,2026-07-27T06:24:22+00:00
SI,Slovinsko,Mollie,Veřejný ceník,EEA consumer cards (Card),card,Blended,1.8,1.8,0.25,0.25,EUR,15.0375,15.0375,3.0075,3.0075,,https://www.mollie.com/pricing,"z rozšířeného datasetu (kontrola datována 22.7.2026 - jde o datum sestavení, ne nutně živé prověření každého zdroje jednotlivě)",seeded,2026-07-27T06:24:22+00:00
SI,Slovinsko,Revolut,Veřejný ceník,Merchant – EEA consumer cards (Card),card,Blended,1.0,1.0,0.2,0.2,EUR,9.83,9.83,1.966,1.966,,https://help.revolut.com/cs-CZ/business/help/merchant-accounts/fees/how-much-does-it-cost-to-accept-card-payments/,"z rozšířeného datasetu (kontrola datována 22.7.2026 - jde o datum sestavení, ne nutně živé prověření každého zdroje jednotlivě)",seeded,2026-07-27T06:24:22+00:00
SI,Slovinsko,Revolut,Veřejný ceník,Pay by Bank (A2A / Pay by Bank),a2a,Blended,1.0,1.0,0.2,0.2,EUR,9.83,9.83,1.966,1.966,,https://www.revolut.com/en-CZ/legal/business-basic-fees/,"z rozšířeného datasetu (kontrola datována 22.7.2026 - jde o datum sestavení, ne nutně živé prověření každého zdroje jednotlivě)",seeded,2026-07-27T06:24:22+00:00
SI,Slovinsko,Adyen,"Procesní/markup (IC++, bez interchange)","Karetní markup (model IC++, bez interchange)",card,IC++,0.6,0.6,0.13,0.13,USD,5.7594,5.7594,1.1519,1.1519,,https://www.adyen.com/pricing,"z rozšířeného datasetu (kontrola datována 22.7.2026 - jde o datum sestavení, ne nutně živé prověření každého zdroje jednotlivě)",seeded,2026-07-27T06:24:22+00:00
SI,Slovinsko,Clearhaus,Individuální nabídka,IC+ merchant acquiring (Card),card,Individual / IC+,,,,,EUR,,,,,,https://helpdesk.clearhaus.com/faq,"z rozšířeného datasetu (kontrola datována 22.7.2026 - jde o datum sestavení, ne nutně živé prověření každého zdroje jednotlivě)",seeded,2026-07-27T06:24:22+00:00
ES,Španělsko,Stripe,Veřejný ceník,Standard EEA consumer cards (Card),card,Blended,1.5,1.5,0.25,0.25,EUR,13.5375,13.5375,2.7075,2.7075,,https://stripe.com/es/pricing,"z rozšířeného datasetu (kontrola datována 22.7.2026 - jde o datum sestavení, ne nutně živé prověření každého zdroje jednotlivě)",seeded,2026-07-27T06:24:22+00:00
ES,Španělsko,Mollie,Veřejný ceník,EEA consumer cards (Card),card,Blended,1.8,1.8,0.25,0.25,EUR,15.0375,15.0375,3.0075,3.0075,,https://www.mollie.com/pricing,"z rozšířeného datasetu (kontrola datována 22.7.2026 - jde o datum sestavení, ne nutně živé prověření každého zdroje jednotlivě)",seeded,2026-07-27T06:24:22+00:00
ES,Španělsko,Revolut,Veřejný ceník,Merchant – EEA consumer cards (Card),card,Blended,1.0,1.0,0.2,0.2,EUR,9.83,9.83,1.966,1.966,,https://help.revolut.com/cs-CZ/business/help/merchant-accounts/fees/how-much-does-it-cost-to-accept-card-payments/,"z rozšířeného datasetu (kontrola datována 22.7.2026 - jde o datum sestavení, ne nutně živé prověření každého zdroje jednotlivě)",seeded,2026-07-27T06:24:22+00:00
ES,Španělsko,Revolut,Veřejný ceník,Pay by Bank (A2A / Pay by Bank),a2a,Blended,1.0,1.0,0.2,0.2,EUR,9.83,9.83,1.966,1.966,,https://www.revolut.com/en-CZ/legal/business-basic-fees/,"z rozšířeného datasetu (kontrola datována 22.7.2026 - jde o datum sestavení, ne nutně živé prověření každého zdroje jednotlivě)",seeded,2026-07-27T06:24:22+00:00
ES,Španělsko,Adyen,"Procesní/markup (IC++, bez interchange)","Karetní markup (model IC++, bez interchange)",card,IC++,0.6,0.6,0.13,0.13,USD,5.7594,5.7594,1.1519,1.1519,,https://www.adyen.com/pricing,"z rozšířeného datasetu (kontrola datována 22.7.2026 - jde o datum sestavení, ne nutně živé prověření každého zdroje jednotlivě)",seeded,2026-07-27T06:24:22+00:00
ES,Španělsko,Clearhaus,Individuální nabídka,IC+ merchant acquiring (Card),card,Individual / IC+,,,,,EUR,,,,,,https://helpdesk.clearhaus.com/faq,"z rozšířeného datasetu (kontrola datována 22.7.2026 - jde o datum sestavení, ne nutně živé prověření každého zdroje jednotlivě)",seeded,2026-07-27T06:24:22+00:00
SE,Švédsko,Stripe,Veřejný ceník,Standard EEA consumer cards (Card),card,Blended,1.5,1.5,1.8,1.8,SEK,11.4312,11.4312,2.2862,2.2862,,https://stripe.com/en-se/pricing,"z rozšířeného datasetu (kontrola datována 22.7.2026 - jde o datum sestavení, ne nutně živé prověření každého zdroje jednotlivě)",seeded,2026-07-27T06:24:22+00:00
SE,Švédsko,Mollie,Veřejný ceník,EEA consumer cards (Card),card,Blended,1.8,1.8,0.25,0.25,EUR,15.0375,15.0375,3.0075,3.0075,,https://www.mollie.com/pricing,"z rozšířeného datasetu (kontrola datována 22.7.2026 - jde o datum sestavení, ne nutně živé prověření každého zdroje jednotlivě)",seeded,2026-07-27T06:24:22+00:00
SE,Švédsko,Revolut,Veřejný ceník,Merchant – EEA consumer cards (Card),card,Blended,1.0,1.0,2.4,2.4,SEK,10.2416,10.2416,2.0483,2.0483,,https://help.revolut.com/cs-CZ/business/help/merchant-accounts/fees/how-much-does-it-cost-to-accept-card-payments/,"z rozšířeného datasetu (kontrola datována 22.7.2026 - jde o datum sestavení, ne nutně živé prověření každého zdroje jednotlivě)",seeded,2026-07-27T06:24:22+00:00
SE,Švédsko,Revolut,Veřejný ceník,Pay by Bank (A2A / Pay by Bank),a2a,Blended,1.0,1.0,2.4,2.4,SEK,10.2416,10.2416,2.0483,2.0483,,https://www.revolut.com/en-CZ/legal/business-basic-fees/,"z rozšířeného datasetu (kontrola datována 22.7.2026 - jde o datum sestavení, ne nutně živé prověření každého zdroje jednotlivě)",seeded,2026-07-27T06:24:22+00:00
SE,Švédsko,Adyen,"Procesní/markup (IC++, bez interchange)","Karetní markup (model IC++, bez interchange)",card,IC++,0.6,0.6,0.13,0.13,USD,5.7594,5.7594,1.1519,1.1519,,https://www.adyen.com/pricing,"z rozšířeného datasetu (kontrola datována 22.7.2026 - jde o datum sestavení, ne nutně živé prověření každého zdroje jednotlivě)",seeded,2026-07-27T06:24:22+00:00
SE,Švédsko,Clearhaus,Individuální nabídka,IC+ merchant acquiring (Card),card,Individual / IC+,,,,,SEK,,,,,,https://helpdesk.clearhaus.com/faq,"z rozšířeného datasetu (kontrola datována 22.7.2026 - jde o datum sestavení, ne nutně živé prověření každého zdroje jednotlivě)",seeded,2026-07-27T06:24:22+00:00
IS,Island,Mollie,Veřejný ceník,EEA consumer cards (Card),card,Blended,1.8,1.8,0.25,0.25,EUR,15.0375,15.0375,3.0075,3.0075,,https://www.mollie.com/pricing,"z rozšířeného datasetu (kontrola datována 22.7.2026 - jde o datum sestavení, ne nutně živé prověření každého zdroje jednotlivě)",seeded,2026-07-27T06:24:22+00:00
IS,Island,Revolut,Veřejný ceník,Merchant – EEA consumer cards (Card),card,Blended,1.0,1.0,0.2,0.2,EUR,9.83,9.83,1.966,1.966,,https://help.revolut.com/cs-CZ/business/help/merchant-accounts/fees/how-much-does-it-cost-to-accept-card-payments/,"z rozšířeného datasetu (kontrola datována 22.7.2026 - jde o datum sestavení, ne nutně živé prověření každého zdroje jednotlivě)",seeded,2026-07-27T06:24:22+00:00
IS,Island,Revolut,Veřejný ceník,Pay by Bank (A2A / Pay by Bank),a2a,Blended,1.0,1.0,0.2,0.2,EUR,9.83,9.83,1.966,1.966,,https://www.revolut.com/en-CZ/legal/business-basic-fees/,"z rozšířeného datasetu (kontrola datována 22.7.2026 - jde o datum sestavení, ne nutně živé prověření každého zdroje jednotlivě)",seeded,2026-07-27T06:24:22+00:00
IS,Island,Clearhaus,Individuální nabídka,IC+ merchant acquiring (Card),card,Individual / IC+,,,,,ISK,,,,,,https://helpdesk.clearhaus.com/faq,"z rozšířeného datasetu (kontrola datována 22.7.2026 - jde o datum sestavení, ne nutně živé prověření každého zdroje jednotlivě)",seeded,2026-07-27T06:24:22+00:00
LI,Lichtenštejnsko,Stripe,Veřejný ceník,Standard EEA consumer cards (Card),card,Blended,1.5,1.5,0.3,0.3,CHF,15.2898,15.2898,3.058,3.058,,https://stripe.com/en-li/pricing,"z rozšířeného datasetu (kontrola datována 22.7.2026 - jde o datum sestavení, ne nutně živé prověření každého zdroje jednotlivě)",seeded,2026-07-27T06:24:22+00:00
LI,Lichtenštejnsko,Mollie,Veřejný ceník,EEA consumer cards (Card),card,Blended,1.8,1.8,0.25,0.25,EUR,15.0375,15.0375,3.0075,3.0075,,https://www.mollie.com/pricing,"z rozšířeného datasetu (kontrola datována 22.7.2026 - jde o datum sestavení, ne nutně živé prověření každého zdroje jednotlivě)",seeded,2026-07-27T06:24:22+00:00
LI,Lichtenštejnsko,Adyen,"Procesní/markup (IC++, bez interchange)","Karetní markup (model IC++, bez interchange)",card,IC++,0.6,0.6,0.13,0.13,USD,5.7594,5.7594,1.1519,1.1519,,https://www.adyen.com/pricing,"z rozšířeného datasetu (kontrola datována 22.7.2026 - jde o datum sestavení, ne nutně živé prověření každého zdroje jednotlivě)",seeded,2026-07-27T06:24:22+00:00
LI,Lichtenštejnsko,Clearhaus,Individuální nabídka,IC+ merchant acquiring (Card),card,Individual / IC+,,,,,CHF,,,,,,https://helpdesk.clearhaus.com/faq,"z rozšířeného datasetu (kontrola datována 22.7.2026 - jde o datum sestavení, ne nutně živé prověření každého zdroje jednotlivě)",seeded,2026-07-27T06:24:22+00:00
NO,Norsko,Stripe,Veřejný ceník,Standard EEA consumer cards (Card),card,Blended,2.4,2.4,2,2,NOK,16.436,16.436,3.2872,3.2872,,https://stripe.com/en-no/pricing,"z rozšířeného datasetu (kontrola datována 22.7.2026 - jde o datum sestavení, ne nutně živé prověření každého zdroje jednotlivě)",seeded,2026-07-27T06:24:22+00:00
NO,Norsko,Mollie,Veřejný ceník,EEA consumer cards (Card),card,Blended,1.8,1.8,0.25,0.25,EUR,15.0375,15.0375,3.0075,3.0075,,https://www.mollie.com/pricing,"z rozšířeného datasetu (kontrola datována 22.7.2026 - jde o datum sestavení, ne nutně živé prověření každého zdroje jednotlivě)",seeded,2026-07-27T06:24:22+00:00
NO,Norsko,Revolut,Veřejný ceník,Merchant – EEA consumer cards (Card),card,Blended,1.0,1.0,2.4,2.4,NOK,10.3232,10.3232,2.0646,2.0646,,https://help.revolut.com/cs-CZ/business/help/merchant-accounts/fees/how-much-does-it-cost-to-accept-card-payments/,"z rozšířeného datasetu (kontrola datována 22.7.2026 - jde o datum sestavení, ne nutně živé prověření každého zdroje jednotlivě)",seeded,2026-07-27T06:24:22+00:00
NO,Norsko,Revolut,Veřejný ceník,Pay by Bank (A2A / Pay by Bank),a2a,Blended,1.0,1.0,2.4,2.4,NOK,10.3232,10.3232,2.0646,2.0646,,https://www.revolut.com/en-CZ/legal/business-basic-fees/,"z rozšířeného datasetu (kontrola datována 22.7.2026 - jde o datum sestavení, ne nutně živé prověření každého zdroje jednotlivě)",seeded,2026-07-27T06:24:22+00:00
NO,Norsko,Adyen,"Procesní/markup (IC++, bez interchange)","Karetní markup (model IC++, bez interchange)",card,IC++,0.6,0.6,0.13,0.13,USD,5.7594,5.7594,1.1519,1.1519,,https://www.adyen.com/pricing,"z rozšířeného datasetu (kontrola datována 22.7.2026 - jde o datum sestavení, ne nutně živé prověření každého zdroje jednotlivě)",seeded,2026-07-27T06:24:22+00:00
NO,Norsko,Clearhaus,Individuální nabídka,IC+ merchant acquiring (Card),card,Individual / IC+,,,,,NOK,,,,,,https://helpdesk.clearhaus.com/faq,"z rozšířeného datasetu (kontrola datována 22.7.2026 - jde o datum sestavení, ne nutně živé prověření každého zdroje jednotlivě)",seeded,2026-07-27T06:24:22+00:00
CZ,Česko,Comgate,Veřejný ceník,Easy (Card),card,Blended,1.0,1.0,0,0,CZK,5.0,5.0,1.0,1.0,,https://www.comgate.cz/cenove-tarify-platebni-brany,"z rozšířeného datasetu (kontrola datována 22.7.2026 - jde o datum sestavení, ne nutně živé prověření každého zdroje jednotlivě)",seeded,2026-07-27T06:24:22+00:00
CZ,Česko,Comgate,Veřejný ceník,Profi (Card),card,Blended,0.67,0.67,1,1,CZK,4.35,4.35,0.87,0.87,,https://www.comgate.cz/cenove-tarify-platebni-brany,"z rozšířeného datasetu (kontrola datována 22.7.2026 - jde o datum sestavení, ne nutně živé prověření každého zdroje jednotlivě)",seeded,2026-07-27T06:24:22+00:00
CZ,Česko,Comgate,Veřejný ceník,Profi (A2A / bank transfer),a2a,Blended,0.62,0.62,0,0,CZK,3.1,3.1,0.62,0.62,,https://www.comgate.cz/cenove-tarify-platebni-brany,"z rozšířeného datasetu (kontrola datována 22.7.2026 - jde o datum sestavení, ne nutně živé prověření každého zdroje jednotlivě)",seeded,2026-07-27T06:24:22+00:00
CZ,Česko,SumUp,Veřejný ceník,Online payments (Card / remote payment),card,Blended,2.5,2.5,0,0,CZK,12.5,12.5,2.5,2.5,,https://www.sumup.com/cs-cz/ceny/,"z rozšířeného datasetu (kontrola datována 22.7.2026 - jde o datum sestavení, ne nutně živé prověření každého zdroje jednotlivě)",seeded,2026-07-27T06:24:22+00:00
PL,Polsko,Przelewy24,Veřejný ceník,Standard (Card),card,Blended,1.29,1.29,0.3,0.3,PLN,8.1288,8.1288,1.6258,1.6258,,https://www.przelewy24.pl/en/offer/commissions-and-fees,"z rozšířeného datasetu (kontrola datována 22.7.2026 - jde o datum sestavení, ne nutně živé prověření každého zdroje jednotlivě)",seeded,2026-07-27T06:24:22+00:00
PL,Polsko,Przelewy24,Veřejný ceník,Standard (A2A / online transfer),a2a,Blended,1.29,1.29,0.3,0.3,PLN,8.1288,8.1288,1.6258,1.6258,,https://www.przelewy24.pl/en/offer/commissions-and-fees,"z rozšířeného datasetu (kontrola datována 22.7.2026 - jde o datum sestavení, ne nutně živé prověření každého zdroje jednotlivě)",seeded,2026-07-27T06:24:22+00:00
HU,Maďarsko,Barion,Veřejný ceník,Fixed Starter – first tier (Card),card,Blended,1.49,1.49,0,0,HUF,7.45,7.45,1.49,1.49,,https://www.barion.com/en/pricing-and-conditions/,"z rozšířeného datasetu (kontrola datována 22.7.2026 - jde o datum sestavení, ne nutně živé prověření každého zdroje jednotlivě)",seeded,2026-07-27T06:24:22+00:00
HU,Maďarsko,Barion,Veřejný ceník,Fixed Advanced – first tier (Card),card,Blended,1.19,1.19,0,0,HUF,5.95,5.95,1.19,1.19,,https://www.barion.com/en/pricing-and-conditions/,"z rozšířeného datasetu (kontrola datována 22.7.2026 - jde o datum sestavení, ne nutně živé prověření každého zdroje jednotlivě)",seeded,2026-07-27T06:24:22+00:00
DK,Dánsko,Vipps MobilePay,Veřejný ceník,Payment integration (Wallet / A2A),a2a,Blended,0.59,0.59,1,1,DKK,6.181,6.181,1.2362,1.2362,,https://vippsmobilepay.com/en-DK/pricing,ověřeno přímým vyhledáním (maximální hloubka - všechny lokální poskytovatele),seeded,2026-07-27T06:24:22+00:00
DK,Dánsko,Quickpay,Veřejný ceník,Merchant account – advertised from rate (Card),card,Blended,1.35,1.35,0.47,0.47,DKK,8.2686,8.2686,1.6537,1.6537,,https://quickpay.net/prices-dk/,"z rozšířeného datasetu (kontrola datována 22.7.2026 - jde o datum sestavení, ne nutně živé prověření každého zdroje jednotlivě)",seeded,2026-07-27T06:24:22+00:00
FI,Finsko,Paytrail,Veřejný ceník,S plan (Card),card,Blended,3.25,3.25,0.5,0.5,EUR,28.325,28.325,5.665,5.665,,https://www.paytrail.com/en/pricing,"z rozšířeného datasetu (kontrola datována 22.7.2026 - jde o datum sestavení, ne nutně živé prověření každého zdroje jednotlivě)",seeded,2026-07-27T06:24:22+00:00
FI,Finsko,Paytrail,Veřejný ceník,M plan (Card),card,Blended,2.0,2.0,0.5,0.5,EUR,22.075,22.075,4.415,4.415,,https://www.paytrail.com/en/pricing,"z rozšířeného datasetu (kontrola datována 22.7.2026 - jde o datum sestavení, ne nutně živé prověření každého zdroje jednotlivě)",seeded,2026-07-27T06:24:22+00:00
FI,Finsko,Vipps MobilePay,Veřejný ceník,Payment integration (Wallet / A2A),a2a,Blended,2.49,2.49,0.2,0.2,EUR,17.28,17.28,3.456,3.456,,https://vippsmobilepay.com/en-FI/pricing,ověřeno přímým vyhledáním (maximální hloubka - všechny lokální poskytovatele),seeded,2026-07-27T06:24:22+00:00
SE,Švédsko,Quickpay,Veřejný ceník,Merchant account – advertised from rate (Card),card,Blended,1.35,1.35,0.81,0.81,SEK,8.519,8.519,1.7038,1.7038,,https://quickpay.net/prices-se/,"z rozšířeného datasetu (kontrola datována 22.7.2026 - jde o datum sestavení, ne nutně živé prověření každého zdroje jednotlivě)",seeded,2026-07-27T06:24:22+00:00
NO,Norsko,Quickpay,Veřejný ceník,Merchant account – advertised from rate (Card),card,Blended,1.35,1.35,0.79,0.79,NOK,8.5022,8.5022,1.7004,1.7004,,https://quickpay.net/prices-no/,"z rozšířeného datasetu (kontrola datována 22.7.2026 - jde o datum sestavení, ne nutně živé prověření každého zdroje jednotlivě)",seeded,2026-07-27T06:24:22+00:00
NO,Norsko,Vipps MobilePay,Veřejný ceník,Payment links (Wallet / card),card,Blended,2.49,2.49,1,1,NOK,14.668,14.668,2.9336,2.9336,,https://vippsmobilepay.com/en-NO/pricing,ověřeno přímým vyhledáním (maximální hloubka - všechny lokální poskytovatele),seeded,2026-07-27T06:24:22+00:00
AT,Rakousko,Stripe,Veřejný ceník,EPS (A2A / bank redirect),a2a,Blended,1.6,1.6,0.25,0.25,EUR,14.0375,14.0375,2.8075,2.8075,,https://stripe.com/en-pt/pricing/local-payment-methods,"z rozšířeného datasetu (kontrola datována 22.7.2026 - jde o datum sestavení, ne nutně živé prověření každého zdroje jednotlivě)",seeded,2026-07-27T06:24:22+00:00
BE,Belgie,Stripe,Veřejný ceník,Bancontact (Card / bank redirect),card,Blended,1.4,1.4,0.25,0.25,EUR,13.0375,13.0375,2.6075,2.6075,,https://stripe.com/en-pt/pricing/local-payment-methods,"z rozšířeného datasetu (kontrola datována 22.7.2026 - jde o datum sestavení, ne nutně živé prověření každého zdroje jednotlivě)",seeded,2026-07-27T06:24:22+00:00
FR,Francie,SumUp,Veřejný ceník,Online payments (Card / remote payment),card,Blended,2.5,2.5,0.25,0.25,EUR,18.5375,18.5375,3.7075,3.7075,,https://www.sumup.com/fr-fr/tarifs/,ověřeno přímým vyhledáním (kritické přehodnocení - velké trhy),seeded,2026-07-27T06:24:22+00:00
DE,Německo,SumUp,Veřejný ceník,Online store (Card / remote payment),card,Blended,2.5,2.5,0.25,0.25,EUR,18.5375,18.5375,3.7075,3.7075,,https://www.sumup.com/de-de/onlineshop/,ověřeno přímým vyhledáním (kritické přehodnocení - velké trhy),seeded,2026-07-27T06:24:22+00:00
IT,Itálie,Stripe,Veřejný ceník,Satispay (Wallet / A2A),a2a,Blended,1.8,1.8,0.25,0.25,EUR,15.0375,15.0375,3.0075,3.0075,,https://stripe.com/en-pt/pricing/local-payment-methods,"z rozšířeného datasetu (kontrola datována 22.7.2026 - jde o datum sestavení, ne nutně živé prověření každého zdroje jednotlivě)",seeded,2026-07-27T06:24:22+00:00
NL,Nizozemsko,Stripe,Veřejný ceník,iDEAL | Wero (A2A / bank redirect),a2a,Fixed,0,0,0.29,0.29,EUR,7.0035,7.0035,1.4007,1.4007,,https://stripe.com/en-pt/pricing/local-payment-methods,"z rozšířeného datasetu (kontrola datována 22.7.2026 - jde o datum sestavení, ne nutně živé prověření každého zdroje jednotlivě)",seeded,2026-07-27T06:24:22+00:00
PT,Portugalsko,Eupago,Veřejný ceník,E-commerce (Card),card,Blended,1.5,1.5,0.2,0.2,EUR,12.33,12.33,2.466,2.466,,https://www.eupago.pt/setores/meios-de-pagamento-para-o-e-commerce,ověřeno přímým vyhledáním (dřívější kolo - MB WAY přes Eupago přímo dohledáno),seeded,2026-07-27T06:24:22+00:00
PT,Portugalsko,Eupago,Veřejný ceník,E-commerce (MB WAY),a2a,Blended,0.7,0.7,0.07,0.07,EUR,5.1905,5.1905,1.0381,1.0381,,https://www.eupago.pt/setores/meios-de-pagamento-para-o-e-commerce,ověřeno přímým vyhledáním (dřívější kolo - MB WAY přes Eupago přímo dohledáno),seeded,2026-07-27T06:24:22+00:00
PT,Portugalsko,Eupago,Veřejný ceník,E-commerce (Multibanco),a2a,Blended,1.5,1.5,0.22,0.22,EUR,12.813,12.813,2.5626,2.5626,,https://www.eupago.pt/setores/meios-de-pagamento-para-o-e-commerce,ověřeno přímým vyhledáním (dřívější kolo - MB WAY přes Eupago přímo dohledáno),seeded,2026-07-27T06:24:22+00:00
ES,Španělsko,PAYCOMET,Veřejný ceník,"Above EUR 2,000/month (Card – EEA)",card,Individual / IC+,,,0.09,0.09,EUR,,,,,,https://www.paycomet.com/en/pricing,zpřísněno pro konzistenci - odhad nahrazen individuální (bez čísla),seeded,2026-07-27T06:24:22+00:00
ES,Španělsko,Stripe,Veřejný ceník,Bizum (Wallet / A2A),a2a,Blended,1.5,1.5,0.25,0.25,EUR,13.5375,13.5375,2.7075,2.7075,,https://stripe.com/en-pt/pricing/local-payment-methods,"z rozšířeného datasetu (kontrola datována 22.7.2026 - jde o datum sestavení, ne nutně živé prověření každého zdroje jednotlivě)",seeded,2026-07-27T06:24:22+00:00
LI,Lichtenštejnsko,Stripe,Veřejný ceník,TWINT (Wallet / bank redirect),a2a,Blended,2.6,2.6,0.3,0.3,CHF,20.7898,20.7898,4.158,4.158,,https://stripe.com/fr-ch/pricing/local-payment-methods,"z rozšířeného datasetu (kontrola datována 22.7.2026 - jde o datum sestavení, ne nutně živé prověření každého zdroje jednotlivě)",seeded,2026-07-27T06:24:22+00:00
EE,Estonsko,MakeCommerce,Veřejný ceník,E-commerce standard (Card),card,Blended,2.5,2.5,0.3,0.3,EUR,19.745,19.745,3.949,3.949,,https://makecommerce.net/previous-pricing/,ověřeno přímým vyhledáním (maximální hloubka - všechny lokální poskytovatele),seeded,2026-07-27T06:24:22+00:00
EE,Estonsko,MakeCommerce,Veřejný ceník,E-commerce standard (A2A / bank payment),a2a,Blended,1.8,1.8,0.15,0.15,EUR,12.6225,12.6225,2.5245,2.5245,,https://makecommerce.net/previous-pricing/,ověřeno přímým vyhledáním (maximální hloubka - všechny lokální poskytovatele),seeded,2026-07-27T06:24:22+00:00
LV,Lotyšsko,MakeCommerce,Veřejný ceník,E-commerce standard (Card),card,Blended,2.5,2.5,0.3,0.3,EUR,19.745,19.745,3.949,3.949,,https://makecommerce.net/previous-pricing/,ověřeno přímým vyhledáním (maximální hloubka - všechny lokální poskytovatele),seeded,2026-07-27T06:24:22+00:00
LV,Lotyšsko,MakeCommerce,Veřejný ceník,E-commerce standard (A2A / bank payment),a2a,Blended,1.8,1.8,0.15,0.15,EUR,12.6225,12.6225,2.5245,2.5245,,https://makecommerce.net/previous-pricing/,ověřeno přímým vyhledáním (maximální hloubka - všechny lokální poskytovatele),seeded,2026-07-27T06:24:22+00:00
LT,Litva,MakeCommerce,Veřejný ceník,E-commerce standard (Card),card,Blended,2.5,2.5,0.3,0.3,EUR,19.745,19.745,3.949,3.949,,https://makecommerce.net/previous-pricing/,ověřeno přímým vyhledáním (maximální hloubka - všechny lokální poskytovatele),seeded,2026-07-27T06:24:22+00:00
LT,Litva,MakeCommerce,Veřejný ceník,E-commerce standard (A2A / bank payment),a2a,Blended,1.8,1.8,0.15,0.15,EUR,12.6225,12.6225,2.5245,2.5245,,https://makecommerce.net/previous-pricing/,ověřeno přímým vyhledáním (maximální hloubka - všechny lokální poskytovatele),seeded,2026-07-27T06:24:22+00:00
AT,Rakousko,Card Complete,Individuální nabídka,Local merchant acquiring / acceptance (Card),card,Individual,,,,,EUR,,,,,,https://www.cardcomplete.com/,"z rozšířeného datasetu (kontrola datována 22.7.2026 - jde o datum sestavení, ne nutně živé prověření každého zdroje jednotlivě)",seeded,2026-07-27T06:24:22+00:00
AT,Rakousko,hobex,Individuální nabídka,Local merchant acquiring / acceptance (Card),card,Individual,,,,,EUR,,,,,,https://www.hobex.at/,"z rozšířeného datasetu (kontrola datována 22.7.2026 - jde o datum sestavení, ne nutně živé prověření každého zdroje jednotlivě)",seeded,2026-07-27T06:24:22+00:00
BE,Belgie,Worldline,Individuální nabídka,Local merchant acquiring / acceptance (Card),card,Individual,,,,,EUR,,,,,,https://worldline.com/,"z rozšířeného datasetu (kontrola datována 22.7.2026 - jde o datum sestavení, ne nutně živé prověření každého zdroje jednotlivě)",seeded,2026-07-27T06:24:22+00:00
BE,Belgie,Europabank,Individuální nabídka,Local merchant acquiring / acceptance (Card),card,Individual,,,,,EUR,,,,,,https://www.europabank.be/,"z rozšířeného datasetu (kontrola datována 22.7.2026 - jde o datum sestavení, ne nutně živé prověření každého zdroje jednotlivě)",seeded,2026-07-27T06:24:22+00:00
BG,Bulharsko,myPOS,Individuální nabídka,Local merchant acquiring / acceptance (Card),card,Individual,,,,,EUR,,,,,,https://www.mypos.com/,"z rozšířeného datasetu (kontrola datována 22.7.2026 - jde o datum sestavení, ne nutně živé prověření každého zdroje jednotlivě)",seeded,2026-07-27T06:24:22+00:00
BG,Bulharsko,iCard,Individuální nabídka,Local merchant acquiring / acceptance (Card),card,Individual,,,,,EUR,,,,,,https://icard.com/,"z rozšířeného datasetu (kontrola datována 22.7.2026 - jde o datum sestavení, ne nutně živé prověření každého zdroje jednotlivě)",seeded,2026-07-27T06:24:22+00:00
HR,Chorvatsko,Nexi,Individuální nabídka,Local merchant acquiring / acceptance (Card),card,Individual,,,,,EUR,,,,,,https://www.nexigroup.com/,"z rozšířeného datasetu (kontrola datována 22.7.2026 - jde o datum sestavení, ne nutně živé prověření každého zdroje jednotlivě)",seeded,2026-07-27T06:24:22+00:00
CY,Kypr,JCC Payment Systems,Individuální nabídka,Local merchant acquiring / acceptance (Card),card,Individual,,,,,EUR,,,,,,https://www.jcc.com.cy/,"z rozšířeného datasetu (kontrola datována 22.7.2026 - jde o datum sestavení, ne nutně živé prověření každého zdroje jednotlivě)",seeded,2026-07-27T06:24:22+00:00
CY,Kypr,Viva.com,Individuální nabídka,Local merchant acquiring / acceptance (Card),card,Individual,,,,,EUR,,,,,,https://www.viva.com/en-eu,"z rozšířeného datasetu (kontrola datována 22.7.2026 - jde o datum sestavení, ne nutně živé prověření každého zdroje jednotlivě)",seeded,2026-07-27T06:24:22+00:00
CZ,Česko,ČSOB,Individuální nabídka,Local merchant acquiring / acceptance (Card),card,Individual,,,,,CZK,,,,,,https://www.csob.cz/,"z rozšířeného datasetu (kontrola datována 22.7.2026 - jde o datum sestavení, ne nutně živé prověření každého zdroje jednotlivě)",seeded,2026-07-27T06:24:22+00:00
DK,Dánsko,Nets / Nexi,Individuální nabídka,Local merchant acquiring / acceptance (Card),card,Individual,,,,,DKK,,,,,,https://www.nexigroup.com/,"z rozšířeného datasetu (kontrola datována 22.7.2026 - jde o datum sestavení, ne nutně živé prověření každého zdroje jednotlivě)",seeded,2026-07-27T06:24:22+00:00
DK,Dánsko,Swedbank Pay,Individuální nabídka,Local merchant acquiring / acceptance (Card),card,Individual,,,,,DKK,,,,,,https://www.swedbankpay.com/,"z rozšířeného datasetu (kontrola datována 22.7.2026 - jde o datum sestavení, ne nutně živé prověření každého zdroje jednotlivě)",seeded,2026-07-27T06:24:22+00:00
EE,Estonsko,EveryPay,Individuální nabídka,Local merchant acquiring / acceptance (Card),card,Individual,,,,,EUR,,,,,,https://www.every-pay.com/,"z rozšířeného datasetu (kontrola datována 22.7.2026 - jde o datum sestavení, ne nutně živé prověření každého zdroje jednotlivě)",seeded,2026-07-27T06:24:22+00:00
EE,Estonsko,Swedbank Pay,Individuální nabídka,Local merchant acquiring / acceptance (Card),card,Individual,,,,,EUR,,,,,,https://www.swedbankpay.com/,"z rozšířeného datasetu (kontrola datována 22.7.2026 - jde o datum sestavení, ne nutně živé prověření každého zdroje jednotlivě)",seeded,2026-07-27T06:24:22+00:00
FI,Finsko,Nets / Nexi,Individuální nabídka,Local merchant acquiring / acceptance (Card),card,Individual,,,,,EUR,,,,,,https://www.nexigroup.com/,"z rozšířeného datasetu (kontrola datována 22.7.2026 - jde o datum sestavení, ne nutně živé prověření každého zdroje jednotlivě)",seeded,2026-07-27T06:24:22+00:00
FR,Francie,Worldline,Individuální nabídka,Local merchant acquiring / acceptance (Card),card,Individual,,,,,EUR,,,,,,https://worldline.com/,"z rozšířeného datasetu (kontrola datována 22.7.2026 - jde o datum sestavení, ne nutně živé prověření každého zdroje jednotlivě)",seeded,2026-07-27T06:24:22+00:00
FR,Francie,BNP Paribas,Individuální nabídka,Local merchant acquiring / acceptance (Card),card,Individual,,,,,EUR,,,,,,https://group.bnpparibas/,"z rozšířeného datasetu (kontrola datována 22.7.2026 - jde o datum sestavení, ne nutně živé prověření každého zdroje jednotlivě)",seeded,2026-07-27T06:24:22+00:00
DE,Německo,PAYONE,Veřejný ceník (nepřímý zdroj),E-Com Starter,card,Individual,2.29,2.29,0.05,0.05,EUR,12.6575,12.6575,2.5315,2.5315,,https://www.payone.com/,"ověřeno přímým vyhledáním, ale z nepřímého zdroje (maximální hloubka)",seeded,2026-07-27T06:24:22+00:00
DE,Německo,Unzer,Individuální nabídka,Local merchant acquiring / acceptance (Card),card,Individual,,,,,EUR,,,,,,https://www.unzer.com/,"z rozšířeného datasetu (kontrola datována 22.7.2026 - jde o datum sestavení, ne nutně živé prověření každého zdroje jednotlivě)",seeded,2026-07-27T06:24:22+00:00
GR,Řecko,Nexi,Individuální nabídka,Local merchant acquiring / acceptance (Card),card,Individual,,,,,EUR,,,,,,https://www.nexigroup.com/,"z rozšířeného datasetu (kontrola datována 22.7.2026 - jde o datum sestavení, ne nutně živé prověření každého zdroje jednotlivě)",seeded,2026-07-27T06:24:22+00:00
HU,Maďarsko,OTP Bank,Individuální nabídka,Local merchant acquiring / acceptance (Card),card,Individual,,,,,HUF,,,,,,https://www.otpbank.hu/,"z rozšířeného datasetu (kontrola datována 22.7.2026 - jde o datum sestavení, ne nutně živé prověření každého zdroje jednotlivě)",seeded,2026-07-27T06:24:22+00:00
IE,Irsko,AIB Merchant Services,Individuální nabídka,Local merchant acquiring / acceptance (Card),card,Individual,,,,,EUR,,,,,,https://www.aibms.com/,"z rozšířeného datasetu (kontrola datována 22.7.2026 - jde o datum sestavení, ne nutně živé prověření každého zdroje jednotlivě)",seeded,2026-07-27T06:24:22+00:00
IE,Irsko,Elavon,Individuální nabídka,Local merchant acquiring / acceptance (Card),card,Individual,,,,,EUR,,,,,,https://www.elavon.com/,"z rozšířeného datasetu (kontrola datována 22.7.2026 - jde o datum sestavení, ne nutně živé prověření každého zdroje jednotlivě)",seeded,2026-07-27T06:24:22+00:00
IT,Itálie,Nexi,Veřejný ceník,XPay Pro (od),card,Individual,1.25,1.25,,,EUR,6.25,6.25,1.25,1.25,,https://www.nexigroup.com/,ověřeno přímým vyhledáním (maximální hloubka - všechny lokální poskytovatele),seeded,2026-07-27T06:24:22+00:00
IT,Itálie,Axerve,Veřejný ceník (jiný kanál),POS Easy a commissioni,card,Individual,1.0,1.0,,,EUR,5.0,5.0,1.0,1.0,,https://www.axerve.com/,"ověřeno přímým vyhledáním, ale jiný kanál (maximální hloubka)",seeded,2026-07-27T06:24:22+00:00
LV,Lotyšsko,EveryPay,Individuální nabídka,Local merchant acquiring / acceptance (Card),card,Individual,,,,,EUR,,,,,,https://www.every-pay.com/,"z rozšířeného datasetu (kontrola datována 22.7.2026 - jde o datum sestavení, ne nutně živé prověření každého zdroje jednotlivě)",seeded,2026-07-27T06:24:22+00:00
LV,Lotyšsko,Paysera,Individuální nabídka,Local merchant acquiring / acceptance (Card),card,Individual,,,,,EUR,,,,,,https://www.paysera.com/,"z rozšířeného datasetu (kontrola datována 22.7.2026 - jde o datum sestavení, ne nutně živé prověření každého zdroje jednotlivě)",seeded,2026-07-27T06:24:22+00:00
LT,Litva,EveryPay,Individuální nabídka,Local merchant acquiring / acceptance (Card),card,Individual,,,,,EUR,,,,,,https://www.every-pay.com/,"z rozšířeného datasetu (kontrola datována 22.7.2026 - jde o datum sestavení, ne nutně živé prověření každého zdroje jednotlivě)",seeded,2026-07-27T06:24:22+00:00
LT,Litva,Paysera,Individuální nabídka,Local merchant acquiring / acceptance (Card),card,Individual,,,,,EUR,,,,,,https://www.paysera.com/,"z rozšířeného datasetu (kontrola datována 22.7.2026 - jde o datum sestavení, ne nutně živé prověření každého zdroje jednotlivě)",seeded,2026-07-27T06:24:22+00:00
LU,Lucembursko,Worldline,Individuální nabídka,Local merchant acquiring / acceptance (Card),card,Individual,,,,,EUR,,,,,,https://worldline.com/,"z rozšířeného datasetu (kontrola datována 22.7.2026 - jde o datum sestavení, ne nutně živé prověření každého zdroje jednotlivě)",seeded,2026-07-27T06:24:22+00:00
MT,Malta,Trust Payments,Individuální nabídka,Local merchant acquiring / acceptance (Card),card,Individual,,,,,EUR,,,,,,https://www.trustpayments.com/,"z rozšířeného datasetu (kontrola datována 22.7.2026 - jde o datum sestavení, ne nutně živé prověření každého zdroje jednotlivě)",seeded,2026-07-27T06:24:22+00:00
NL,Nizozemsko,PAY.,Individuální nabídka,Local merchant acquiring / acceptance (Card),card,Individual,,,,,EUR,,,,,,https://www.pay.nl/,"z rozšířeného datasetu (kontrola datována 22.7.2026 - jde o datum sestavení, ne nutně živé prověření každého zdroje jednotlivě)",seeded,2026-07-27T06:24:22+00:00
NL,Nizozemsko,MultiSafepay,Individuální nabídka,Local merchant acquiring / acceptance (Card),card,Individual,,,,,EUR,,,,,,https://www.multisafepay.com/,"z rozšířeného datasetu (kontrola datována 22.7.2026 - jde o datum sestavení, ne nutně živé prověření každého zdroje jednotlivě)",seeded,2026-07-27T06:24:22+00:00
PL,Polsko,Fiserv PolCard,Individuální nabídka,Local merchant acquiring / acceptance (Card),card,Individual,,,,,PLN,,,,,,https://www.polcard.pl/,"z rozšířeného datasetu (kontrola datována 22.7.2026 - jde o datum sestavení, ne nutně živé prověření každého zdroje jednotlivě)",seeded,2026-07-27T06:24:22+00:00
PL,Polsko,Tpay,Individuální nabídka,Local merchant acquiring / acceptance (Card),card,Individual,,,,,PLN,,,,,,https://tpay.com/,"z rozšířeného datasetu (kontrola datována 22.7.2026 - jde o datum sestavení, ne nutně živé prověření každého zdroje jednotlivě)",seeded,2026-07-27T06:24:22+00:00
PT,Portugalsko,SIBS / Reduniq,Individuální nabídka,Local merchant acquiring / acceptance (Card),card,Individual,,,,,EUR,,,,,,https://www.reduniq.pt/,"z rozšířeného datasetu (kontrola datována 22.7.2026 - jde o datum sestavení, ne nutně živé prověření každého zdroje jednotlivě)",seeded,2026-07-27T06:24:22+00:00
PT,Portugalsko,ifthenpay,Individuální nabídka,Local merchant acquiring / acceptance (Card),card,Individual,,,,,EUR,,,,,,https://ifthenpay.com/,"z rozšířeného datasetu (kontrola datována 22.7.2026 - jde o datum sestavení, ne nutně živé prověření každého zdroje jednotlivě)",seeded,2026-07-27T06:24:22+00:00
RO,Rumunsko,NETOPIA Payments,Individuální nabídka,Local merchant acquiring / acceptance (Card),card,Individual,,,,,RON,,,,,,https://netopia-payments.com/,"z rozšířeného datasetu (kontrola datována 22.7.2026 - jde o datum sestavení, ne nutně živé prověření každého zdroje jednotlivě)",seeded,2026-07-27T06:24:22+00:00
RO,Rumunsko,EuPlatesc,Individuální nabídka,Local merchant acquiring / acceptance (Card),card,Individual,,,,,RON,,,,,,https://www.euplatesc.ro/,"z rozšířeného datasetu (kontrola datována 22.7.2026 - jde o datum sestavení, ne nutně živé prověření každého zdroje jednotlivě)",seeded,2026-07-27T06:24:22+00:00
SK,Slovensko,Besteron,Individuální nabídka,Local merchant acquiring / acceptance (Card),card,Individual,,,,,EUR,,,,,,https://besteron.com/,"z rozšířeného datasetu (kontrola datována 22.7.2026 - jde o datum sestavení, ne nutně živé prověření každého zdroje jednotlivě)",seeded,2026-07-27T06:24:22+00:00
SK,Slovensko,TrustPay,Individuální nabídka,Local merchant acquiring / acceptance (Card),card,Individual,,,,,EUR,,,,,,https://www.trustpay.eu/,"z rozšířeného datasetu (kontrola datována 22.7.2026 - jde o datum sestavení, ne nutně živé prověření každého zdroje jednotlivě)",seeded,2026-07-27T06:24:22+00:00
SI,Slovinsko,Worldline,Individuální nabídka,Local merchant acquiring / acceptance (Card),card,Individual,,,,,EUR,,,,,,https://worldline.com/,"z rozšířeného datasetu (kontrola datována 22.7.2026 - jde o datum sestavení, ne nutně živé prověření každého zdroje jednotlivě)",seeded,2026-07-27T06:24:22+00:00
SI,Slovinsko,Bankart,Individuální nabídka,Local merchant acquiring / acceptance (Card),card,Individual,,,,,EUR,,,,,,https://www.bankart.si/,"z rozšířeného datasetu (kontrola datována 22.7.2026 - jde o datum sestavení, ne nutně živé prověření každého zdroje jednotlivě)",seeded,2026-07-27T06:24:22+00:00
ES,Španělsko,Getnet,Individuální nabídka,Local merchant acquiring / acceptance (Card),card,Individual,,,,,EUR,,,,,,https://www.getnetworld.com/,ověřeno přímým vyhledáním (maximální hloubka - všechny lokální poskytovatele),seeded,2026-07-27T06:24:22+00:00
ES,Španělsko,Redsys,Individuální nabídka,Local merchant acquiring / acceptance (Card),card,Individual,,,,,EUR,,,,,,https://www.redsys.es/,"z rozšířeného datasetu (kontrola datována 22.7.2026 - jde o datum sestavení, ne nutně živé prověření každého zdroje jednotlivě)",seeded,2026-07-27T06:24:22+00:00
SE,Švédsko,Swedbank Pay,Individuální nabídka,Local merchant acquiring / acceptance (Card),card,Individual,,,,,SEK,,,,,,https://www.swedbankpay.com/,"z rozšířeného datasetu (kontrola datována 22.7.2026 - jde o datum sestavení, ne nutně živé prověření každého zdroje jednotlivě)",seeded,2026-07-27T06:24:22+00:00
IS,Island,Teya Iceland,Individuální nabídka,Local merchant acquiring / acceptance (Card),card,Individual,,,,,ISK,,,,,,https://www.teya.com/is/,"z rozšířeného datasetu (kontrola datována 22.7.2026 - jde o datum sestavení, ne nutně živé prověření každého zdroje jednotlivě)",seeded,2026-07-27T06:24:22+00:00
LI,Lichtenštejnsko,Worldline Switzerland,Individuální nabídka,Local merchant acquiring / acceptance (Card),card,Individual,,,,,CHF,,,,,,https://worldline.com/,"z rozšířeného datasetu (kontrola datována 22.7.2026 - jde o datum sestavení, ne nutně živé prověření každého zdroje jednotlivě)",seeded,2026-07-27T06:24:22+00:00
NO,Norsko,Nets / Nexi,Individuální nabídka,Local merchant acquiring / acceptance (Card),card,Individual,,,,,NOK,,,,,,https://www.nexigroup.com/,"z rozšířeného datasetu (kontrola datována 22.7.2026 - jde o datum sestavení, ne nutně živé prověření každého zdroje jednotlivě)",seeded,2026-07-27T06:24:22+00:00
NO,Norsko,Swedbank Pay,Individuální nabídka,Local merchant acquiring / acceptance (Card),card,Individual,,,,,NOK,,,,,,https://www.swedbankpay.com/,"z rozšířeného datasetu (kontrola datována 22.7.2026 - jde o datum sestavení, ne nutně živé prověření každého zdroje jednotlivě)",seeded,2026-07-27T06:24:22+00:00
PL,Polsko,PayU,wallet / PSP,Promo (zaváděcí sazba),card,Blended,1.1,1.1,0.3,0.3,PLN,7.1788,7.1788,1.4358,1.4358,,https://poland.payu.com/commercial-offer/,obnoveno z původního zdroje uživatele,seeded,2026-07-27T06:24:22+00:00
PL,Polsko,PayU,wallet / PSP,Standard (po zaváděcím období),card,Blended,1.49,1.49,0,0,PLN,7.45,7.45,1.49,1.49,,https://poland.payu.com/commercial-offer/,obnoveno z původního zdroje uživatele,seeded,2026-07-27T06:24:22+00:00
PL,Polsko,PayU,wallet / PSP,Promo (zaváděcí sazba),a2a,Blended,1.1,1.1,0.3,0.3,PLN,7.1788,7.1788,1.4358,1.4358,,https://poland.payu.com/commercial-offer/,obnoveno z původního zdroje uživatele,seeded,2026-07-27T06:24:22+00:00
PL,Polsko,PayU,wallet / PSP,Standard (po zaváděcím období),a2a,Blended,1.49,1.49,0,0,PLN,7.45,7.45,1.49,1.49,,https://poland.payu.com/commercial-offer/,obnoveno z původního zdroje uživatele,seeded,2026-07-27T06:24:22+00:00
CZ,Česko,PayU,wallet / PSP,Standardní (první 3 měsíce),card,Blended,1.0,1.0,1,1,CZK,6.0,6.0,1.2,1.2,,https://czech.payu.com/jak-aktivovat-payu/,obnoveno z původního zdroje uživatele,seeded,2026-07-27T06:24:22+00:00
CZ,Česko,PayU,wallet / PSP,Standardní (první 3 měsíce),a2a,Blended,1.0,1.0,1,1,CZK,6.0,6.0,1.2,1.2,,https://czech.payu.com/jak-aktivovat-payu/,obnoveno z původního zdroje uživatele,seeded,2026-07-27T06:24:22+00:00
CZ,Česko,PayU,wallet / PSP,Po 3 měsících,card,Blended,1.45,1.45,1,1,CZK,8.25,8.25,1.65,1.65,,https://czech.payu.com/jak-aktivovat-payu/,obnoveno z původního zdroje uživatele,seeded,2026-07-27T06:24:22+00:00
CZ,Česko,PayU,wallet / PSP,Po 3 měsících,a2a,Blended,1.45,1.45,1,1,CZK,8.25,8.25,1.65,1.65,,https://czech.payu.com/jak-aktivovat-payu/,obnoveno z původního zdroje uživatele,seeded,2026-07-27T06:24:22+00:00
CZ,Česko,GoPay,PSP / gateway,Standard,card,Blended,1.0,1.0,1,1,CZK,6.0,6.0,1.2,1.2,,https://www.gopay.com/cs/platebni-brana/,obnoveno z původního zdroje uživatele,seeded,2026-07-27T06:24:22+00:00
CZ,Česko,GoPay,PSP / gateway,Standard,a2a,Blended,0.8,0.8,0,0,CZK,4.0,4.0,0.8,0.8,,https://www.gopay.com/cs/platebni-brana/,obnoveno z původního zdroje uživatele,seeded,2026-07-27T06:24:22+00:00
CZ,Česko,GlobalPayments,PSP / gateway,GP webpay,card,Blended,1.0,1.0,0,0,CZK,5.0,5.0,1.0,1.0,,https://www.globalpayments.cz/cs-cz/online-platby/gp-webpay,obnoveno z původního zdroje uživatele,seeded,2026-07-27T06:24:22+00:00
PL,Polsko,Barion,wallet / PSP,Standard,card,Blended,1.5,1.5,0,0,PLN,7.5,7.5,1.5,1.5,,https://www.barion.com/cs/ceny-a-podminky/,obnoveno z původního zdroje uživatele,seeded,2026-07-27T06:24:22+00:00
PL,Polsko,Barion,wallet / PSP,Standard,a2a,Blended,1.5,1.5,0,0,PLN,7.5,7.5,1.5,1.5,,https://www.barion.com/cs/ceny-a-podminky/,obnoveno z původního zdroje uživatele,seeded,2026-07-27T06:24:22+00:00
PL,Polsko,GoPay,PSP / gateway,Standard,card,Blended,2.1,4.4,0.58,0.58,PLN,13.7457,25.2457,2.7491,5.0491,,https://help.gopay.com/en/knowledge-base/prices-terms-conditions/current-terms-and-conditions/prices-and-fees/list-of-fees-for-payment-gateway-in-effect-as-of-25-8-2024,obnoveno z původního zdroje uživatele,seeded,2026-07-27T06:24:22+00:00
PL,Polsko,GoPay,PSP / gateway,Standard,a2a,Blended,2.1,4.4,0.58,0.58,PLN,13.7457,25.2457,2.7491,5.0491,,https://help.gopay.com/en/knowledge-base/prices-terms-conditions/current-terms-and-conditions/prices-and-fees/list-of-fees-for-payment-gateway-in-effect-as-of-25-8-2024,obnoveno z původního zdroje uživatele,seeded,2026-07-27T06:24:22+00:00
CZ,Česko,ThePay,PSP / gateway,Standard,card,Blended,0.99,0.99,0,0,CZK,4.95,4.95,0.99,0.99,,https://www.thepay.eu/nwm-upload/2023/06/sazebnik_poplatku_15_6_2023_.pdf,obnoveno z původního zdroje uživatele,seeded,2026-07-27T06:24:22+00:00
CZ,Česko,ThePay,PSP / gateway,Standard,a2a,Blended,0.99,0.99,0,0,CZK,4.95,4.95,0.99,0.99,,https://www.thepay.eu/nwm-upload/2023/06/sazebnik_poplatku_15_6_2023_.pdf,obnoveno z původního zdroje uživatele,seeded,2026-07-27T06:24:22+00:00
CZ,Česko,Barion,wallet / PSP,Standard,card,Blended,1.5,1.5,0,0,CZK,7.5,7.5,1.5,1.5,,https://www.barion.com/cs/ceny-a-podminky/,obnoveno z původního zdroje uživatele,seeded,2026-07-27T06:24:22+00:00
CZ,Česko,Barion,wallet / PSP,Standard,a2a,Blended,1.5,1.5,0,0,CZK,7.5,7.5,1.5,1.5,,https://www.barion.com/cs/ceny-a-podminky/,obnoveno z původního zdroje uživatele,seeded,2026-07-27T06:24:22+00:00
SK,Slovensko,ThePay,PSP / gateway,Standard,card,Blended,0.99,0.99,0,0,EUR,4.95,4.95,0.99,0.99,,https://www.thepay.eu/nwm-upload/2023/06/sazebnik_poplatku_15_6_2023_.pdf,obnoveno z původního zdroje uživatele,seeded,2026-07-27T06:24:22+00:00
SK,Slovensko,ThePay,PSP / gateway,Standard,a2a,Blended,0.99,0.99,0,0,EUR,4.95,4.95,0.99,0.99,,https://www.thepay.eu/nwm-upload/2023/06/sazebnik_poplatku_15_6_2023_.pdf,obnoveno z původního zdroje uživatele,seeded,2026-07-27T06:24:22+00:00
SK,Slovensko,Barion,wallet / PSP,Standard,card,Blended,1.5,1.5,0,0,EUR,7.5,7.5,1.5,1.5,,https://www.barion.com/cs/ceny-a-podminky/,obnoveno z původního zdroje uživatele,seeded,2026-07-27T06:24:22+00:00
SK,Slovensko,Barion,wallet / PSP,Standard,a2a,Blended,1.5,1.5,0,0,EUR,7.5,7.5,1.5,1.5,,https://www.barion.com/cs/ceny-a-podminky/,obnoveno z původního zdroje uživatele,seeded,2026-07-27T06:24:22+00:00
SK,Slovensko,GoPay,PSP / gateway,Standard,card,Blended,2.1,4.4,0.12,0.12,EUR,13.398,24.898,2.6796,4.9796,,https://help.gopay.com/en/knowledge-base/prices-terms-conditions/current-terms-and-conditions/prices-and-fees/list-of-fees-for-payment-gateway-in-effect-as-of-25-8-2024,obnoveno z původního zdroje uživatele,seeded,2026-07-27T06:24:22+00:00
SK,Slovensko,GoPay,PSP / gateway,Standard,a2a,Blended,2.1,4.4,0.12,0.12,EUR,13.398,24.898,2.6796,4.9796,,https://help.gopay.com/en/knowledge-base/prices-terms-conditions/current-terms-and-conditions/prices-and-fees/list-of-fees-for-payment-gateway-in-effect-as-of-25-8-2024,obnoveno z původního zdroje uživatele,seeded,2026-07-27T06:24:22+00:00
HU,Maďarsko,ThePay,PSP / gateway,Standard,card,Blended,0.99,0.99,0,0,EUR,4.95,4.95,0.99,0.99,,https://www.thepay.eu/nwm-upload/2023/06/sazebnik_poplatku_15_6_2023_.pdf,obnoveno z původního zdroje uživatele,seeded,2026-07-27T06:24:22+00:00
HU,Maďarsko,ThePay,PSP / gateway,Standard,a2a,Blended,0.99,0.99,0,0,EUR,4.95,4.95,0.99,0.99,,https://www.thepay.eu/nwm-upload/2023/06/sazebnik_poplatku_15_6_2023_.pdf,obnoveno z původního zdroje uživatele,seeded,2026-07-27T06:24:22+00:00
HU,Maďarsko,GoPay,PSP / gateway,Standard,card,Blended,2.1,4.4,48,48,HUF,13.7035,25.2035,2.7407,5.0407,,https://help.gopay.com/en/knowledge-base/prices-terms-conditions/current-terms-and-conditions/prices-and-fees/list-of-fees-for-payment-gateway-in-effect-as-of-25-8-2024,obnoveno z původního zdroje uživatele,seeded,2026-07-27T06:24:22+00:00
HU,Maďarsko,GoPay,PSP / gateway,Standard,a2a,Blended,2.1,4.4,48,48,HUF,13.7035,25.2035,2.7407,5.0407,,https://help.gopay.com/en/knowledge-base/prices-terms-conditions/current-terms-and-conditions/prices-and-fees/list-of-fees-for-payment-gateway-in-effect-as-of-25-8-2024,obnoveno z původního zdroje uživatele,seeded,2026-07-27T06:24:22+00:00
RO,Rumunsko,PayU,wallet / PSP,Standard,card,Blended,0.99,0.99,0.3,0.3,RON,6.3339,6.3339,1.2668,1.2668,,https://romania.payu.com/en/commercial-offer/,obnoveno z původního zdroje uživatele,seeded,2026-07-27T06:24:22+00:00
RO,Rumunsko,ThePay,PSP / gateway,Standard,card,Blended,0.99,0.99,0,0,RON,4.95,4.95,0.99,0.99,,https://www.thepay.eu/nwm-upload/2023/06/sazebnik_poplatku_15_6_2023_.pdf,obnoveno z původního zdroje uživatele,seeded,2026-07-27T06:24:22+00:00
RO,Rumunsko,ThePay,PSP / gateway,Standard,a2a,Blended,0.99,0.99,0,0,RON,4.95,4.95,0.99,0.99,,https://www.thepay.eu/nwm-upload/2023/06/sazebnik_poplatku_15_6_2023_.pdf,obnoveno z původního zdroje uživatele,seeded,2026-07-27T06:24:22+00:00
RO,Rumunsko,GoPay,PSP / gateway,Standard,card,Blended,2.1,4.4,0.7,0.7,RON,13.7291,25.2291,2.7458,5.0458,,https://help.gopay.com/en/knowledge-base/prices-terms-conditions/current-terms-and-conditions/prices-and-fees/list-of-fees-for-payment-gateway-in-effect-as-of-25-8-2024,obnoveno z původního zdroje uživatele,seeded,2026-07-27T06:24:22+00:00
RO,Rumunsko,GoPay,PSP / gateway,Standard,a2a,Blended,2.1,4.4,0.7,0.7,RON,13.7291,25.2291,2.7458,5.0458,,https://help.gopay.com/en/knowledge-base/prices-terms-conditions/current-terms-and-conditions/prices-and-fees/list-of-fees-for-payment-gateway-in-effect-as-of-25-8-2024,obnoveno z původního zdroje uživatele,seeded,2026-07-27T06:24:22+00:00
SE,Švédsko,Swish,wallet / A2A scheme,Standard,a2a,Blended,,,,,SEK,,,,,,https://www.swish.nu/faq/company/is-there-a-fee-to-use-swish,obnoveno z původního zdroje uživatele,seeded,2026-07-27T06:24:22+00:00
DK,Dánsko,MobilePay,wallet / A2A scheme,Standard,a2a,Blended,1.49,1.49,1,1,DKK,10.681,10.681,2.1362,2.1362,,https://vippsmobilepay.com/da-dk/priser,obnoveno z původního zdroje uživatele,seeded,2026-07-27T06:24:22+00:00
BE,Belgie,Mollie,PSP / gateway,Bancontact,a2a,Blended,0,0,0.39,0.39,EUR,9.4185,9.4185,1.8837,1.8837,,https://www.mollie.com/pricing,ověřeno přímým vyhledáním (kolo kritického přehodnocení 23 zemí),seeded,2026-07-27T06:24:22+00:00
AT,Rakousko,Payrexx,PSP / gateway,eps-Überweisung,a2a,Blended,1.6,2.4,0,0,EUR,8.0,12.0,1.6,2.4,,https://payrexx.com/en/eps,ověřeno přímým vyhledáním (kolo kritického přehodnocení 23 zemí),seeded,2026-07-27T06:24:22+00:00
HR,Chorvatsko,CorvusPay,PSP / gateway,Standard,card,Individual / IC+,,,,,EUR,,,,,,https://www.corvuspay.com/en/pricing/,ověřeno přímým vyhledáním (kolo kritického přehodnocení 23 zemí),seeded,2026-07-27T06:24:22+00:00
GR,Řecko,Viva.com,Individuální nabídka,Domácí/EHP karta (IC++),card,IC++,,,,,EUR,,,,,,https://www.viva.com/en-gr/pricing,"opraveno potřetí po upozornění uživatele - přestal jsem hádat, označeno čestně jako individuální",seeded,2026-07-27T06:24:22+00:00
EE,Estonsko,Montonio,PSP / gateway,EU-issued commercial cards,card,Blended,2.39,2.39,0.2,0.2,EUR,16.78,16.78,3.356,3.356,,https://montonio.com/detailed-pricing/,ověřeno přímým vyhledáním (kolo kritického přehodnocení 23 zemí),seeded,2026-07-27T06:24:22+00:00
LV,Lotyšsko,Montonio,PSP / gateway,EU-issued commercial cards,card,Blended,2.39,2.39,0.2,0.2,EUR,16.78,16.78,3.356,3.356,,https://montonio.com/detailed-pricing/,ověřeno přímým vyhledáním (kolo kritického přehodnocení 23 zemí),seeded,2026-07-27T06:24:22+00:00
LT,Litva,Montonio,PSP / gateway,EU-issued commercial cards,card,Blended,2.39,2.39,0.2,0.2,EUR,16.78,16.78,3.356,3.356,,https://montonio.com/detailed-pricing/,ověřeno přímým vyhledáním (kolo kritického přehodnocení 23 zemí),seeded,2026-07-27T06:24:22+00:00
SI,Slovinsko,Bankart,PSP / gateway,Payment Gateway,card,Individual / IC+,,,,,EUR,,,,,,https://www.bankart.si/en-payment-gateway/,ověřeno přímým vyhledáním (kolo kritického přehodnocení 23 zemí),seeded,2026-07-27T06:24:22+00:00
CY,Kypr,JCC Payment Systems,PSP / gateway,Card acquiring,card,Individual / IC+,,,,,EUR,,,,,,https://www.centralbank.cy/en/financial-market-infrastructures-payments/financial-market-infrastructures-instruments/retail-payment-systems,ověřeno přímým vyhledáním (kolo kritického přehodnocení 23 zemí),seeded,2026-07-27T06:24:22+00:00
IS,Island,Valitor (Rapyd),Individuální nabídka,Card acquiring,card,Individual / IC+,,,,,ISK,,,,,,https://www.rapyd.net/company/news/press-releases/rapyd-to-acquire-valitor-expanding-access-to-global-payments/,ověřeno přímým vyhledáním (kolo kritického přehodnocení 23 zemí),seeded,2026-07-27T06:24:22+00:00
FR,Francie,PayPlug,Veřejný ceník,Blended (0-2 500 €/měsíc),card,Blended,2.5,2.5,0.25,0.25,EUR,18.5375,18.5375,3.7075,3.7075,,https://www.payplug.com/fr/blog/frais-transaction-carte/,ověřeno přímým vyhledáním (kritické přehodnocení - velké trhy),seeded,2026-07-27T06:24:22+00:00
FR,Francie,PayPlug,Veřejný ceník,Blended (2 500-10 000 €/měsíc),card,Blended,1.9,1.9,0.25,0.25,EUR,15.5375,15.5375,3.1075,3.1075,,https://www.payplug.com/fr/blog/frais-transaction-carte/,ověřeno přímým vyhledáním (kritické přehodnocení - velké trhy),seeded,2026-07-27T06:24:22+00:00
FR,Francie,PayPlug,Veřejný ceník,Blended (nad 10 000 €/měsíc),card,Blended,1.2,1.2,0.25,0.25,EUR,12.0375,12.0375,2.4075,2.4075,,https://www.payplug.com/fr/blog/frais-transaction-carte/,ověřeno přímým vyhledáním (kritické přehodnocení - velké trhy),seeded,2026-07-27T06:24:22+00:00
GR,Řecko,Viva.com,Individuální nabídka,IRIS Online Payments,a2a,Individual / IC+,,,0,0,EUR,,,,,"Strop 0,50 € pro fyzické osoby/OSVČ do 5000 €/den (zákon 5167/2024).",https://www.viva.com/en-gr/pricing,opraveno po druhém upozornění uživatele na stejný typ chyby (interchange vs. acquiring),seeded,2026-07-27T06:24:22+00:00
CZ,Česko,GlobalPayments,Veřejný ceník,QR platba účtem (GP tom),a2a,Blended,,0.79,0,0,CZK,,,,,"Garantovaná platba, podporuje všechny české banky s okamžitými platbami.",https://www.globalpayments.cz/cs-cz/terminal-v-mobilu/qr-platba-uctem,ověřeno přímým vyhledáním - doplněno po upozornění uživatele,seeded,2026-07-27T06:24:22+00:00
